network_latency,packet_loss,dns_failures,connection_reset,network_issue
436.9042325373173,7.215117798434236,0,3,0
165.35965545007463,0.8812656950055775,1,4,0
294.30990712811973,8.463180127808737,3,2,1
423.8010760222115,7.32300770608181,0,3,0
221.19589403828425,6.109465257026532,4,3,1
9.960974011325328,8.202929606091773,0,0,1
38.18072044750139,4.041098477429571,0,2,1
255.6859679530046,2.215010508538527,4,4,1
484.7502484622633,5.120233891087594,3,2,1
346.911561567215,5.488417555934738,2,2,0
36.38717952784619,5.383263720099121,2,2,0
95.49107702013953,5.650737914801053,4,3,0
385.8902484652082,9.487049182391807,3,1,1
420.87844021816613,9.022456230962314,1,1,0
309.22959850810685,8.757170365589394,4,0,1
322.5671616452785,8.014168109086272,2,2,0
15.140387741308936,9.434281072652853,3,1,1
414.43659953117276,0.9849464167940325,0,0,1
394.349328877244,2.651232614457395,3,3,0
130.25853690757023,4.950559456545848,3,2,1
354.629683262788,8.465344931234052,2,4,0
108.21244860607405,5.051657115227325,2,3,0
21.124750364704983,7.480347393415887,1,0,0
101.36713475259826,1.3895990524891622,1,3,1
90.13580950039545,2.5241381297656016,4,4,1
169.53625037068878,7.317760950376724,0,3,1
209.80629909055358,1.6473400888772405,1,0,1
254.76090685735625,3.5135593465492674,2,4,0
238.90018387865575,2.6486625781357143,3,4,1
136.0666283766794,3.4986169422247846,4,3,0
15.556163618463158,7.083240490779703,1,4,0
302.94570949633817,3.67847181142801,3,3,1
198.47667009382982,5.5526332260794025,3,2,1
150.0374065363873,0.9993187705440965,1,4,0
433.60358037242565,8.050176932346279,0,3,1
373.6249105912817,3.6988862564812486,0,2,0
429.02500863784866,6.485341590333425,4,4,1
247.99641456151804,7.253896016618326,0,2,1
66.33469481126195,2.0966092211170038,4,4,0
348.4144966245149,8.846749849533499,2,0,0
103.83081618865045,6.162242516069529,1,0,0
221.1736048767667,4.287251417514815,3,3,1
33.43539368549536,1.8233518357821954,4,1,1
412.82889280906824,9.423009379012067,0,0,1
63.84437988270279,7.550682041316251,4,1,0
451.6456560176055,2.0802456273324887,4,2,0
432.251070528517,3.377107747242245,0,2,1
232.8267994551838,8.096742580880733,0,1,0
372.4397339476913,6.95677663215339,1,3,1
310.1030918352585,7.657842927157244,3,4,0
401.7347455265347,4.412011022129324,1,1,1
216.4707452921701,7.164762626421669,1,1,1
393.11843363793065,3.8649372286391372,0,1,1
231.76595171550883,2.1126291693819645,0,1,0
470.5419281335541,6.3267703484136,3,1,0
243.69967831174864,9.760139255987943,4,3,1
231.84701669493103,3.106009713953296,1,0,1
392.75085892019285,4.609695922125397,3,4,1
410.9672681886581,6.740013710698536,1,0,1
277.69006804626423,5.415062821224879,4,1,1
90.71910893404262,8.434277957090492,1,0,1
234.41135724783217,7.617427064695159,2,3,0
484.0681789519295,0.5829720386235704,3,2,0
376.74011032655335,9.98421233923774,0,0,0
405.77013933568696,7.524024537194673,1,4,0
17.379923910800823,8.639033162941132,3,3,1
234.46187185444577,6.511977120953464,3,2,1
323.6639456951201,8.562851280467623,1,3,1
415.18630913040926,1.1238297492870941,0,1,0
25.587553137802963,3.4773783555931557,0,2,0
426.3670039352947,8.764209436044927,1,4,1
274.65206743421396,2.016552112668922,3,2,0
99.45967131745391,0.7824209858002273,0,4,0
159.3103530084003,7.8811893994521895,1,1,1
141.68284632402882,8.354861556432962,1,4,1
265.89865810994945,1.626522181899006,1,3,1
26.79115427565478,8.543459827827155,3,0,0
80.10954309146184,6.867677955971696,0,3,1
406.53382864451544,5.2008268321658395,3,3,1
67.16939138265872,8.30250192781385,2,2,1
117.46473845960536,4.192492493189658,0,1,0
227.2319321964745,1.9399395622339721,3,0,0
259.0433231685519,2.8485267661061364,0,4,1
382.04162932746516,5.0516401829331485,2,2,1
224.2188809064277,5.313307926731757,4,1,0
395.1424458967339,8.055808264412336,1,0,0
309.5548072156833,7.913527236523344,3,3,1
57.436769972487404,5.813665572045749,2,1,0
79.00938775802645,7.807854833654764,2,1,1
219.07982899943565,1.9177345829367098,0,1,1
199.04780715143076,0.5006452709329434,0,3,0
372.02859054901,8.736338226347002,1,4,1
290.7878327588786,0.7555449376276957,0,2,1
194.6784074201224,2.466884297439973,3,4,0
86.20938144174242,6.953189496243846,3,0,1
114.19171406042207,4.0944793762730916,3,2,0
288.17500821606046,8.763139699155088,4,0,1
212.29596364499645,2.9797979466226954,3,3,1
257.94882692147536,0.11871346669359295,0,4,0
86.1680402158146,3.006556405607441,0,1,0
331.79021991993835,5.780750491848316,3,2,0
426.41683168712757,3.7593837540329336,2,1,0
129.71181388666338,5.348727557587552,2,0,0
246.26559869008148,8.765981188350187,2,1,0
487.78813718143,9.124850542303685,1,1,1
167.28762853481308,2.6597406465411213,4,3,0
297.92812611695683,4.621404732699007,3,3,1
46.00765439992194,5.491440152414512,1,4,0
303.4014862372421,9.491124568882471,2,0,1
45.72625487900434,9.986173191643847,3,3,1
479.6584822265872,2.3540724884152664,1,3,0
358.1156633840834,7.2697987134581545,0,4,1
394.2917342797175,3.7803106223319514,2,2,1
352.3480760250468,0.08108196886213226,1,4,1
295.2747890021564,0.09252522435902355,0,1,0
225.50647776166718,4.605660075622557,2,1,0
429.32831650077014,4.883349130043346,4,3,1
478.46099810398846,0.22569696573442655,2,3,0
250.01905027913656,6.869274167743025,4,4,0
465.83598952847575,2.940033885949531,4,4,1
292.08312208427026,5.598931015359494,4,0,1
269.65370926132016,3.0091907316541877,3,1,0
227.78688374472299,1.6713431486930719,3,4,0
105.43459300352981,4.071737385988753,4,2,0
2.8561107482115355,2.3227336479050074,0,0,1
121.51160720117457,5.34800976919168,4,4,0
255.35186263017903,1.9882853028647995,1,3,0
190.6000161776165,5.084059766446271,4,4,0
224.79412877331427,1.5737851486886756,3,3,1
490.34346156246073,6.70974709485785,3,3,1
175.78591296399446,7.539376844414241,1,1,1
226.63928674069385,1.1039423424993378,1,1,0
67.62426012505696,4.678024120373392,2,4,0
24.930908486056833,0.7087170065487358,0,4,1
387.9293477816548,5.981824455420024,0,2,0
285.7709043609173,2.6440429792964535,0,0,0
380.5916982159036,5.276244568387078,3,0,0
75.78153664438926,5.174610093842912,0,4,1
286.34255682016277,9.243543461938003,2,1,0
127.5675946963464,5.490832225687229,2,2,0
114.80284663310994,5.829984797183156,0,0,1
6.751481012439643,4.016531257643803,1,4,0
66.04002106096688,9.490796031828168,2,1,1
155.32478763834797,7.771859094396096,1,1,0
59.32250153487858,2.854052903028416,3,1,1
492.94336176505783,8.44209585776232,2,3,1
155.00769161345139,4.3239636018509,1,1,0
66.03164940446176,8.28667143533594,0,4,0
100.34207410115091,8.22888068293502,3,2,1
294.26391094239676,1.8887018676285439,4,4,0
32.957718408529466,7.011411313835769,4,1,1
431.3546309404373,2.906429693065311,0,2,0
480.7883399393365,2.974926699926682,3,0,0
124.12696291302305,2.963480768805807,3,0,0
225.59753902683883,7.255682475599482,3,4,0
12.045091063719038,2.298260417925361,3,2,1
320.71440213888354,0.009058352460902253,4,4,1
207.54910296824184,7.152368534826331,1,2,0
135.7591745846763,1.7118474383512527,3,2,0
104.21171819768763,1.0448239530783465,1,4,0
327.35751575172145,2.3751612059406013,3,2,0
208.6922984851249,3.7990052232270397,2,1,0
90.6499852259261,4.759063274732007,2,2,1
344.8654316619252,0.4457004071263082,2,2,1
282.97106923531015,9.705733326273604,3,4,0
429.4773554098186,7.160630534195581,1,0,1
59.62047353936996,3.2319406532433614,4,3,1
393.0476343702836,3.186972572853973,0,2,0
337.08487662181227,4.485425493684594,4,3,1
58.390457477220814,6.26244822763033,3,2,1
347.71554420598864,1.4637306658896776,2,4,1
221.33209715103538,1.8892981376495233,2,4,1
472.5474079923657,8.59434582833551,1,2,0
71.66406395833175,2.5625492388907256,3,4,1
321.77386201705326,3.8019499797517753,4,4,1
191.60804268601004,8.71271850950117,3,2,1
478.450520624848,6.631478293998225,3,0,0
165.65747274984795,3.4171187934168836,2,2,1
481.13076883640827,6.836995457246208,4,0,1
450.8414396992738,0.1968321538141371,0,4,1
135.9212344200175,7.356426600113652,2,0,0
401.9673466363874,4.870160405162395,4,4,0
497.8064966999495,8.131821472844612,1,0,0
127.07883808346989,9.546376520064683,2,0,0
218.9518074923365,9.257885494945683,1,2,0
260.5701875468131,9.092650434553407,2,0,1
148.1706367661283,5.121699559338872,3,4,0
8.61715498336885,3.6014211413893804,4,2,1
110.8444928545658,4.650353247306728,1,0,0
141.68650528653748,6.898960033133608,2,2,0
222.3562509577754,8.839977768711867,1,3,0
86.38013672828754,2.0698630300011955,2,2,1
436.75392398914465,9.18193158461703,2,3,1
352.7506552329367,8.151802319698891,0,3,1
43.51503830227133,9.788560151782345,0,2,0
325.3961331188258,8.802517732816872,0,4,0
327.1745817264046,2.7993732969190663,1,4,0
478.1543656481702,1.059559113440477,3,4,0
2.5074148067244626,1.1224107199158861,2,1,0
124.71829245309779,2.9122331857827612,4,3,0
463.96794820828245,6.141837239845392,0,2,1
466.13482378374323,8.043203260971726,1,4,1
360.57262326594804,8.992503069815648,1,4,0
383.11589720272246,6.2375338436923276,1,2,1
46.64999600689391,0.056313127480537295,4,3,1
257.4240415543386,1.8631677651853351,4,2,1
116.5599126532107,0.9972620385336795,0,1,0
91.42780376319502,3.6332447556901,4,1,0
405.3413462625429,5.013509936337459,0,2,0
68.38403020359317,0.43397178578560847,4,3,0
234.85716686119622,3.484779757956553,4,4,1
469.3505415534305,1.7917967462532258,4,1,0
93.73019572710594,6.4707016625887395,0,1,0
489.0187184453791,4.642723693243401,2,3,0
497.14970489476843,4.953176469339088,0,1,1
278.25296018651903,4.276917880334611,2,1,1
85.9012273484018,9.56019710486567,1,3,1
158.73633908250693,2.1473512512156323,1,2,1
212.82192350559103,5.166642598438743,0,4,1
155.35278795475324,7.360173683653359,2,4,0
141.03715435838137,5.568444131345625,2,1,1
486.1426248989624,9.290208857168011,2,4,1
77.52904888045707,3.7796835564128415,1,2,0
366.9306264497143,4.636758057731781,0,1,0
1.2047344301482608,0.8852231521472842,3,4,0
298.49515203178606,6.089991110519285,2,0,1
458.05555897307215,2.8821196844810606,2,0,0
144.67911295251628,1.6030903951556885,3,0,1
93.57746165360187,5.44531292904508,0,0,0
326.18821764433505,5.323102633799106,2,0,1
356.5881022418982,0.7587164122404755,0,1,1
344.3272289570387,6.982154534944728,2,3,1
160.33912313066566,6.237721906508529,4,3,1
126.8489986775061,1.890172827464972,2,1,0
478.00348118106007,4.694348621540438,4,1,0
461.7264546266948,7.2032291647856,0,2,1
229.20098833651733,5.294357405412765,2,3,0
423.25073921103234,3.954890761835702,1,0,1
226.70941533951373,3.2233845808094364,1,1,0
212.7701200181827,6.103938666440536,3,0,0
79.22471085204803,9.391086983102406,1,3,1
213.77662218949445,6.717448404774834,4,4,1
269.1710523613037,0.747459036363155,1,4,0
12.229659386914546,4.6068497348213375,1,1,1
222.6123895825278,8.908241315106276,1,2,0
390.89675297920496,0.9446242580108688,2,0,0
340.3429821307607,9.888757121375434,3,1,0
317.9433374431036,9.490693936454214,0,2,1
454.86815879016405,0.7827448072987586,3,0,1
9.997972902789776,9.334133204495549,4,3,0
278.96674550992486,3.631325902594622,2,4,1
393.88707535644386,8.447091670758626,2,2,1
271.12635596793234,4.183833377132715,1,0,0
162.6238807376092,4.4085511270251585,1,1,1
68.98903198089695,6.342430909775426,4,0,1
443.8939728362795,7.7447741927598335,2,1,0
235.9104338014139,0.33789150948248636,0,4,1
439.179483295865,5.931559955271343,3,4,0
293.34020909415096,1.8673299409737099,2,0,1
337.4218661908854,3.4594951786320296,0,0,1
402.32631603484657,3.479686661552165,0,1,0
329.91861675546704,4.690603402211536,3,1,0
199.62936549878992,3.341364118761734,0,2,1
257.30305858039685,1.0736111845066776,4,2,0
401.71971681326403,1.4562873852545144,0,2,0
187.4514978901191,0.3343798556109767,4,0,1
194.67260692748005,4.702490853287543,0,2,0
48.749367912942574,9.544476948529885,1,0,1
457.3776331756521,1.1567522364811655,0,4,1
46.427121157775424,9.46264493003082,4,3,0
324.4563795468294,7.333615147320936,0,4,1
207.18404492259606,6.3749880293416314,0,0,0
203.40407573746575,6.452777553235629,0,0,1
340.0963664497693,8.26727648396282,4,3,0
34.47977258230948,1.0691986437982137,0,1,0
297.25918569276587,5.047543235655417,3,1,1
386.24386120020506,6.970911382607586,3,1,0
414.2781661854105,5.868204450735637,4,2,0
86.09466430749387,8.327790710232946,1,1,0
448.81210598900867,0.7227170901135149,3,2,1
328.41689983187365,6.9070103949916595,2,2,1
441.04554560952073,5.340277303847177,3,1,0
243.15507783798893,3.791608639799434,2,1,0
271.4746392035038,3.4027498223403088,4,3,1
459.6001002373069,6.208326327741929,1,3,1
450.0548621339812,8.909953746442648,2,2,1
224.632275811132,4.961759261011153,2,3,0
137.9319031862052,8.2472316407692,3,2,1
197.1920468475678,4.021563818439676,2,0,0
194.4943999363451,1.0239446279317654,4,2,1
144.14657061641418,0.6150573645863855,4,2,0
135.0212225621503,0.5133437132367757,4,3,1
430.67040530338,3.8015014195766996,3,0,0
35.86109842164618,3.3723775083584204,1,4,1
339.1279798676975,7.1793702362256955,3,4,1
87.23720567676969,7.428215015848658,4,4,0
172.90844080363755,0.5085396883373983,3,0,1
31.709974033283594,2.2112326288901496,4,1,1
135.71684479087557,2.7426185015889972,0,0,1
384.44211448750383,5.476119841428094,0,3,1
442.622646949082,1.4451522390695026,2,2,0
111.54204879928116,1.3394121940000037,1,2,0
232.310371790202,9.437888892079581,0,3,1
235.691699920666,8.04202907297781,4,3,0
436.91407757410735,1.806549020911703,3,2,0
381.6367273850269,4.065678079054909,3,1,0
257.0255319656569,3.5562199925756555,2,1,0
335.70285303541493,7.910040740654073,3,1,0
423.8301719007741,5.10212916478122,0,3,1
5.759938058746926,1.2784973699346702,3,2,0
202.04212549397425,7.389920631562439,0,2,1
453.71434047126223,3.9688797822491892,0,2,0
370.4162023911317,2.629242476321471,1,0,1
271.8778457927032,3.7549862202072015,2,0,1
265.2926189905316,4.977565636068963,4,4,1
174.53727870461447,3.4311551641700944,0,0,0
260.73974628711574,2.419057725917578,2,1,0
328.03621653226315,3.985020288039803,4,1,1
209.76315617596774,0.19172910749898242,3,1,1
357.36242004969483,7.724978460963139,2,1,0
430.75488140293254,1.709448935675858,2,4,0
78.18773924424572,0.43904613630637246,2,1,1
226.3219643858948,6.5369869290507925,3,3,0
204.60202555125548,7.739361288236722,3,3,0
344.04493722081435,8.138291315928432,2,3,0
125.68386516370674,4.9350918266059995,1,0,0
320.48520656118586,2.053681846899853,0,2,0
438.86713162401253,7.372276772498267,3,4,0
209.64766829701773,6.997130771543372,1,3,1
455.5968342896308,2.4627073410317326,3,3,1
496.58870572780575,9.03407755862793,2,1,1
53.939932924028085,1.04371458082829,1,3,1
117.29354080444446,9.826882395913257,4,1,1
475.2394959895645,8.602478109774646,0,1,1
479.205515554212,6.878986454790752,0,2,0
49.75593041799249,9.38749888279833,3,0,0
8.484251688191204,7.223111683237078,0,1,1
81.3889116049547,1.9045699703004593,4,1,1
498.0103789077419,4.421561381128117,1,2,1
90.81980868873275,0.7150302433163536,1,1,0
251.77125575428954,3.8965742228811537,2,4,0
424.360445488825,7.416030197372087,1,0,0
11.180403733414963,3.864433509308174,3,4,0
302.64000214697126,3.302941754681341,4,3,1
139.23569898594255,5.953557225103118,2,0,1
431.30512330342606,8.72204528998895,3,3,1
142.4471134827755,0.4758319254611243,3,1,1
343.69110442067256,3.8547043469973543,3,2,0
337.43559659125106,1.582407418152627,0,4,0
111.52528088096037,6.953542507318696,3,3,1
18.36480073430671,1.0572456043113487,0,1,0
205.21553731891325,6.6480775858024455,1,4,0
145.30738283096898,2.8618087079790735,0,4,0
404.6798970572406,1.989168137372247,3,3,0
400.3817300392173,9.363525578249854,4,1,1
229.0549521441201,0.18524576745955867,4,2,0
303.6496004362862,4.37777271889569,1,3,1
302.52549847747565,0.21626992461793781,3,4,0
413.7519160653841,4.83593048104329,0,4,0
213.07620464747555,5.010473777944182,4,0,1
138.44789321546403,3.2166247139474704,2,1,1
133.2524241521332,1.3216177752502367,3,0,0
268.55994736181987,3.7638753773447533,3,2,0
225.12495316337407,6.72262939932566,2,3,1
220.62026472148315,7.823958086444591,4,4,0
46.47753220576391,5.307506023881423,2,1,0
359.5832666044076,5.898343944397556,1,4,1
107.65460730297345,2.006163711246527,0,0,0
99.27986147415196,2.8733033322764943,0,0,0
206.96640181841934,1.6189561005235842,4,3,0
114.66139246728291,2.4929535000461134,2,1,0
292.34527538669965,2.248867802255318,3,1,0
186.3602063279013,5.194487863912376,3,3,1
225.00694957380227,5.626887557907294,3,0,0
269.04749148041043,9.449474208215046,1,0,1
102.56422571842062,1.9557064710152305,1,0,1
78.72005980989937,6.41675710161496,3,4,0
440.33052953392877,8.172592689875229,4,2,1
217.4281277128791,5.602414637830525,1,0,0
206.63471120663704,2.550036525010757,1,2,1
18.770462986147898,2.625502300200002,0,2,1
249.49017499110923,0.3925305307099991,0,1,1
277.53069108388905,3.054442265484817,4,3,0
279.86159460637856,7.446036790033801,1,4,1
353.8085534921193,0.4751775720711038,1,2,1
89.56343566051488,2.1929528250483066,2,4,1
126.8593439810788,7.06232498531782,4,1,0
405.5545021499759,7.8265156282287665,4,0,0
473.6381378048536,4.553184100619284,2,2,1
68.830440936293,6.980743384786488,2,3,1
249.32712769810388,3.8795216865489204,0,1,1
107.87395011705384,1.5991324502412751,4,4,1
30.97651100913624,3.9814949352290654,4,0,0
163.42616572494157,5.799678202031428,2,4,0
72.70012496692216,9.480532818528904,3,3,0
355.2566036436889,0.6875095208867732,3,2,1
267.3289814220508,5.073940938449606,0,3,0
72.77340102416512,3.2891977821072436,3,4,1
5.61155261435167,5.083116942766946,3,4,1
404.27036746308215,0.23975447376531678,3,3,1
88.92100867595951,3.1302535470158133,1,3,0
303.5021044681622,8.19868147527005,0,3,1
169.12403462529605,5.539417338546375,2,0,0
293.1574832192028,4.505824928161174,3,4,1
158.5111598641797,2.855250717153396,1,1,0
44.38284078543483,2.980425227913559,3,0,1
112.25205427031905,3.8310143359058446,1,0,0
94.84122467305872,8.355707099645604,0,0,1
214.58165686738226,9.672132068082684,3,1,0
329.4836079296525,4.386553813503745,1,3,1
132.63923139823243,3.9335283874776183,4,4,1
7.022897715008358,8.465507758198628,4,2,1
259.9497447681137,4.269053206363036,1,2,0
303.27398519012706,5.5201817229565115,3,4,1
481.47237650690306,2.3094166459874446,3,1,1
295.1459307435302,7.435025357790752,0,2,1
236.11510712969277,5.319883182707819,0,0,0
287.12741132295423,8.090345502403416,2,2,1
464.0224143011515,7.807327300286698,0,4,1
414.3606946552215,2.1500476827002855,3,0,0
162.1663879485402,7.156355505577624,2,2,1
119.3899274649115,8.000544079513714,0,4,0
132.05417257067074,3.4610724078239508,1,1,1
252.7060988178913,1.7260911290227454,4,4,0
372.2806761630603,0.0263215557958818,0,1,0
252.10638438429808,4.509036530931482,0,0,0
34.83040151822818,3.524327315388416,1,4,1
362.06676951955046,5.5490983382540895,3,3,1
403.179094206806,1.8804109258878576,1,3,0
145.4594346947401,8.596655476664752,0,3,1
332.39874390239186,2.5775521562810964,3,3,1
213.8693586261423,2.2642960508764998,2,3,0
444.670558507994,4.807140564843559,0,1,0
422.7675535222092,4.988510237442743,1,4,0
263.1905671565115,2.1508522878509284,2,0,0
346.06126736098366,2.7186072672591575,4,3,1
441.7915008100299,1.6970523915524494,2,3,1
248.3627880290595,7.184601783231668,1,0,1
157.31211950392216,7.700890312540819,2,0,1
377.07940281688104,4.623284974592826,1,3,1
110.81306113756119,7.140870226850175,0,1,1
194.877042855015,7.359353919374455,3,0,0
432.99789131629007,1.382755276778086,4,4,1
362.48674779438824,9.661780248345368,3,4,1
202.50169161850212,8.21031947096431,3,1,1
108.15750670177034,2.044834611958235,3,2,0
178.62822702528604,1.8616503574607024,1,1,0
142.76797046448905,1.2566114557958274,1,3,1
88.8685546839831,1.3837856254191838,4,2,0
371.92312386926267,7.481617990286962,1,3,0
126.78287353823558,4.696542569516236,1,4,1
227.62956761371416,7.829341727398672,1,0,1
193.54386397121843,7.462548943502054,1,3,1
491.0566119391798,6.046127135052216,0,4,0
196.15502982996205,6.863666065786795,4,1,0
40.911258915580646,0.1835572437914179,1,3,1
45.82305053346993,3.1177764680502196,4,4,0
295.7861069551793,6.378221792594102,2,0,0
300.0824123173945,0.09344953486244201,0,3,0
209.96073625084483,0.32976943682593407,1,4,1
216.4900024637028,8.518879824703832,0,3,1
27.912358837594734,6.840248616920718,0,0,1
258.75670868424186,2.6536973312034395,2,3,1
252.8649982147955,6.87962840118709,4,3,1
75.62510995991532,7.9245666913926325,0,4,0
52.81585366935286,3.0679428311010124,3,2,0
62.662672809145754,0.3603737749918745,2,3,0
51.413094999138,9.327791246877345,3,2,0
305.24438957284315,3.451798382956305,2,1,0
99.0448435490564,1.0648176328470638,3,3,0
126.46364594154426,4.9185687139314735,3,2,1
87.61249993156842,7.684677956641338,0,1,1
478.959816919803,2.2164731461755913,0,4,0
427.45411411276586,2.694900501333634,2,3,1
116.01692383840891,2.4271498679858317,4,4,0
164.45558066714088,9.916730528316782,0,1,0
105.73652831019358,1.9740373373054254,0,4,1
246.44610377095105,5.75520216966124,1,4,1
10.785655704652545,9.252646416569643,0,0,0
336.0126364395011,1.4689656887777924,4,1,1
262.0559167590032,9.708541978677003,1,4,0
449.4208252222505,9.474772343956246,3,2,0
83.03194947987866,8.845719870582625,3,1,0
402.2505137845047,2.1455652133000225,1,0,0
396.18854621889113,6.3405505601098335,1,3,0
64.46341341922658,7.608914729612401,1,4,1
199.88105284791968,9.860279281964297,2,2,0
85.90616793111393,1.8042382208137042,4,0,1
128.10552972831692,7.660258995192964,4,1,0
132.35984124044163,3.3880116992711296,3,4,1
278.5619606188606,1.7562646556800232,3,0,0
206.29405494847228,4.213769412138549,3,0,1
473.91866919914634,7.9383591214861635,0,2,0
64.05870083155557,4.648498037040522,3,3,0
486.8723752902492,5.375231002030485,1,3,1
116.0886814669177,9.951594102001213,3,3,1
386.6640942545447,3.9910929955742604,1,1,1
170.14599316023788,6.154007547092398,2,0,1
72.39761631323964,3.6524420161537186,0,1,1
429.0867034378737,3.9278564632870494,0,0,1
155.12158871899513,6.956407534454081,4,2,0
329.76884670919424,9.378869760948835,2,2,0
283.65539885822665,5.423589504923214,1,1,0
236.40639838604628,7.683999289487798,2,1,1
248.413916851621,0.8920655881696382,0,2,1
366.3867191320515,2.11158037431927,1,4,1
44.798684147596845,5.021316409195324,2,3,0
334.42215031699465,0.2001172362877479,0,3,1
448.01023859789075,2.528549787625588,1,2,0
29.83631031291221,5.174012898249662,1,3,1
71.1860162775997,0.14961198256300712,0,4,1
358.59933641431365,2.645462862260417,1,4,1
219.20354247406416,5.140308194758695,0,0,0
202.3707617860305,5.731492479812457,3,1,1
69.34635063757369,9.257516930553054,3,3,0
253.87825031817624,6.4534562325060785,1,4,1
64.14611028699224,4.147358025299938,1,1,1
238.83360769895967,9.303511771330678,0,1,1
382.04403418186666,7.848829833877943,1,0,1
129.8739145856946,2.000089211127476,4,1,0
240.91229792168392,1.3084236134881977,3,1,1
496.015968729021,6.75811635742733,1,2,0
343.6385612536646,5.598831655769838,1,0,1
420.8370288812941,7.896736137927557,2,0,1
208.00895567371234,7.388050500786864,1,3,1
384.1626006398018,6.25211533857515,4,1,0
21.214077297719598,9.863821716288921,3,3,1
62.33268008858025,5.335897301104087,2,4,0
102.332225867111,1.1310575650171983,0,1,0
201.57401038299457,8.282735648159884,0,4,1
423.02669428455584,2.51853362345709,3,2,0
173.78675934317732,7.773021481439183,0,1,1
327.65597556421596,9.571070960000513,4,3,0
354.9478331069382,6.967955139643412,1,3,0
293.50499469008236,5.960301609498011,3,1,0
179.26374211689796,4.603861756750406,2,3,0
288.9496175150586,3.6440986599540324,1,1,1
171.79053080208337,3.5300475097183623,0,0,0
42.85299553745403,6.363727057095906,0,3,1
496.4091851148212,7.512731169377459,2,1,0
64.46404436262294,6.785170694844144,4,1,1
37.10184353419262,1.9841010119356273,2,3,1
439.3868438543708,4.9398718014349114,3,0,0
151.61549578555466,7.91640072183063,2,3,0
325.4981900626803,4.757040781890563,0,1,1
165.17385910145418,5.366232797354939,4,0,0
196.3356811264411,7.711360481708222,4,4,0
131.79437303638144,6.6126530626509155,2,2,0
172.1789588907121,4.093449208823926,3,3,0
205.939499892685,8.954127111942189,0,1,0
360.4876184770791,1.6256706866347859,1,0,0
256.25656092316115,9.955164485903246,4,0,0
471.8390433613315,1.188525784762372,2,4,0
21.898316525548978,0.14949971104238902,3,3,0
252.03109299338206,8.900189011487647,3,0,1
292.52816962702735,2.449535083659561,0,4,0
460.17829605106266,7.296996274467209,4,1,0
25.530103287092366,8.110153749320693,0,4,0
287.1762928826728,8.589863910321169,1,3,0
426.96133433545054,9.915942356641667,1,4,0
121.72193633149905,2.9403971003999905,1,0,1
438.2698819134448,7.102433419272591,3,0,1
10.50266122787162,1.1539985828082822,4,2,0
366.4948599377311,4.068092913568494,0,4,1
466.62349736315787,8.479716933125903,0,1,0
328.941633158391,3.6765804605910835,1,3,0
220.07559274624353,5.91095380535614,4,2,1
23.395627219886297,5.037734437246341,4,4,1
460.1367928479917,6.459515311120451,2,1,1
235.67781512309583,9.728943893876949,4,2,1
15.469375423638057,0.5573552650140212,4,0,1
345.2207145930522,5.739615175016297,0,3,0
241.43678953455282,8.630287792502848,4,4,0
63.048313403762954,4.813827117484275,4,1,0
107.92163284581953,0.7852718594157282,0,0,1
33.18084954746729,5.605393524167709,4,2,0
287.5724763145782,3.320738908238204,0,3,1
311.3927101467526,1.549417853379359,2,2,0
253.36540687936673,8.49034513283473,3,2,1
408.73396436830484,5.215995129911216,0,1,1
430.64340183269877,9.332764123790668,0,0,0
308.1965739448802,8.06016504603069,4,4,0
7.365483374007843,6.929717937736673,0,1,0
347.9195982181201,0.05025503365311934,1,3,0
209.58160924325543,4.278234566382499,1,2,1
283.2131841299671,1.974862816520323,2,3,0
324.8912204074233,9.107979110488678,0,1,1
175.7680705492113,1.7458398467636027,4,1,0
458.63215408072534,2.860600516592855,4,4,0
67.85345850814082,5.168367677344992,3,2,0
336.0843918332377,2.6336361899807925,2,1,0
3.1754303983336336,2.098646772791212,4,3,0
462.4009015971852,5.990993251027525,3,4,1
57.13956248580766,0.8892952275502386,4,3,0
48.34723084363974,0.5816775872092472,3,2,1
167.17080889306988,3.7224529518607143,1,4,0
187.4095767335012,7.206644545078623,1,4,1
107.93573608911643,5.548067582739479,4,4,0
292.9757088026352,4.228764684667788,2,0,0
222.01413492293983,5.657515642245824,0,4,0
18.053618931502623,3.654514846532736,2,3,1
160.506379065395,9.36146335432113,2,3,1
405.4060238730121,0.5490489091077433,0,2,0
345.16106589607244,6.733914790298352,1,1,0
362.7105559363603,8.912826648277505,1,1,0
349.36034511767826,8.038847087352535,0,0,1
156.17553767013362,1.8404103482144674,3,4,0
50.732297116311166,2.9592634898028836,2,0,1
136.9611248325149,7.1704793870710475,4,2,0
416.06086479239445,0.8427055918076554,1,2,1
490.2549280937525,8.118616998325841,4,1,1
247.4296603560391,7.189069446047903,0,2,1
5.840477106598068,7.296066492353425,4,4,0
70.88236125498028,1.002413702675914,4,3,1
161.71820708281663,7.177605448162309,2,2,0
289.7140889478819,6.7981812521997,0,0,1
38.471729256851674,8.309224908218505,4,4,0
471.73529205623095,0.415959562564695,1,2,1
183.17675296891596,0.23110668467792195,0,2,1
456.3795247444867,3.7300709987856076,1,4,0
390.4803795757539,1.4878828384915288,3,2,0
377.96319898527497,5.583844775702219,4,3,1
303.7530703113338,9.173489015067489,0,1,1
313.7651247088705,3.9147973033401575,1,4,0
319.3636143729078,8.449503772726041,4,0,1
314.7319721257655,0.0024087451786647396,2,2,1
277.3103874677823,1.685146434591842,1,1,0
493.22059522296155,0.3042353965408562,1,0,0
366.4129931454224,3.2814718051506864,3,0,0
388.6962478078681,9.081895956965027,2,3,1
436.3589447267534,0.9695212359898775,3,1,1
108.60424160019873,6.064097767438003,2,4,1
42.81827538843533,4.5149593911944415,1,1,0
241.96432386270072,9.384682123658125,3,1,1
257.5262671140173,1.2251914253709384,4,0,0
414.76170819500896,2.1202785050222897,2,3,0
222.4480060618855,0.29541968611493274,1,3,1
285.85565974661205,4.3393524963137375,0,1,0
264.0083983182157,2.778328995646543,2,1,1
20.06318909493814,8.69905933890321,2,2,0
307.99223340186006,6.04940813197755,4,0,0
414.1935996013519,6.140907379757017,2,4,0
79.59277348982611,5.319106968813024,2,4,1
297.5715352293713,0.91850337229201,4,3,0
297.2116616787608,4.450186837253552,4,0,1
82.92829706412302,9.995051897085165,3,3,0
62.60832329163728,8.352292908460148,1,4,0
490.0459195452659,8.93459054167116,1,1,0
197.46586565686573,8.232263592464994,3,0,1
114.48344263304111,1.0304169343098268,1,0,1
86.4909476827331,2.2744825406479965,2,2,1
334.13325507803427,0.03121651356409627,3,1,1
305.1132033663121,3.035101248781115,3,1,1
322.1325093707213,1.0860740234649258,1,3,0
44.915007728214675,4.72793345301583,0,0,0
446.87375716572006,6.771274885739019,1,3,1
195.2439320077151,8.74505295038077,0,1,1
157.3713338087486,7.492171650908982,3,2,1
231.71836217662187,9.385855957785052,0,0,1
195.6429668080665,0.538982903937888,2,1,0
431.9249245664338,0.1217983541654144,4,2,1
464.70122662374814,6.613381138362127,0,4,1
152.4231550083535,2.8935241022224623,4,1,1
432.1039679225174,2.5350101610577314,2,4,1
390.9800416370005,3.3088708769379425,4,3,0
465.47302850003615,2.6979605789236416,2,4,0
123.62940578075803,5.114364063015873,4,1,1
288.9026159103686,4.401484472241325,4,4,0
137.99774778548186,5.124285513766563,1,0,0
412.22315075170275,6.727136115004361,0,1,1
3.656771094961065,3.871305089711483,4,2,1
282.84476228031167,2.5130768714215677,3,4,0
170.26251220468708,1.6620053680874547,1,0,0
162.0191698318323,3.494741195326255,0,3,0
322.8082556085936,7.418064752461721,1,3,0
425.89074020768294,7.567049101114696,0,4,0
304.9885003052698,6.669053866842103,2,3,1
426.7333163447145,2.340281753068746,4,2,0
133.03395882863396,5.880862458546977,3,1,0
260.2314255277256,5.70689661576848,1,0,0
225.81773299447093,4.842661981097255,1,4,0
6.810804852045012,5.499789863838642,1,3,0
278.8492594272293,4.917906326236681,1,1,0
331.10063774894127,5.654563660741082,4,2,0
296.36528780511594,7.155059546211287,0,3,0
368.4036694929273,1.0962819440343974,4,3,1
286.09842469808547,7.496257521490238,2,0,1
34.3083771705277,1.358861501275942,4,2,0
59.106316518271,0.666279984103747,4,2,1
298.64081419443227,9.760796862214676,2,4,1
138.21461679484645,9.569917688704415,4,0,1
40.742919388348156,0.6043654494056405,0,4,1
215.37176898082484,4.432534414749622,3,0,1
277.60697644374403,1.8624493829977473,2,2,1
165.04424818645367,4.85344897134418,1,0,0
360.4964174106632,8.301772429995873,0,0,0
322.2415334425211,9.506117747428902,3,0,1
167.0763621847443,6.342526534515374,0,1,0
377.6813919253717,3.5390566721181704,0,1,1
324.69882622398467,6.033255656445984,1,2,0
319.08524398023314,3.1200130610845034,3,0,0
277.160422692747,9.098236408320604,0,2,0
6.683444376187845,8.70400463105837,1,1,1
348.5570845549677,5.582317502796609,2,0,0
188.6448537634691,3.2479891538036054,1,4,0
471.36224536916916,2.9338967558297835,4,1,1
409.17440076752547,0.3341799470505946,1,1,1
294.2595402961248,8.158208510252953,1,1,0
126.83880892781545,4.50383213039008,1,0,1
102.65497924555562,3.251329284002644,0,3,0
170.85203400109702,4.711103549977539,3,4,0
238.80740384642925,8.18737990454652,1,4,1
148.7366895094346,1.2461420770752119,1,2,1
257.9498182008489,8.576559882418273,4,0,0
83.51984233107977,8.97508835108354,4,1,1
488.8786935999245,9.467079150338883,2,3,0
54.85435292753194,3.974879924226278,2,0,1
466.04012568753166,2.1714040403767187,4,0,1
456.87542768994473,3.7364081846669848,3,3,1
263.1548804279295,3.3291209623140325,2,1,1
362.7302256462061,1.7615391250286005,3,0,1
218.58810068832133,6.07266670101488,4,4,0
315.38725419367665,4.766241605086289,2,4,0
170.94739277313823,8.657009923240036,1,3,0
151.27835087293724,0.32109580482058253,4,1,1
289.5366632985873,6.438679275551263,2,3,0
249.56670741780619,7.629488785115611,3,0,0
290.18864820584054,7.59486569188307,3,4,1
144.04363006222448,8.860739670955251,2,2,1
184.11195807668062,7.290337428294941,3,3,1
42.86508235382574,9.278100616476962,2,2,0
27.085909763830653,3.3265659982089146,2,2,0
127.47510770683512,5.032094167515431,3,4,1
38.04918280594233,0.14079663282890675,0,3,0
52.78357960873561,0.06957587303291213,1,2,0
406.6512742915746,2.401266204515199,4,0,1
20.397974811327963,1.0080719713908526,1,1,0
329.8124541734366,2.602113679357536,4,1,1
137.00631665888486,1.770432945283974,4,4,0
435.9012946733551,0.2852002483864824,1,3,1
243.01115000417226,9.093041464060494,2,3,0
153.48265320458503,0.08223131388891525,3,1,0
259.30182890902785,7.360821443370854,0,0,1
191.59705150358914,1.5214788691951653,0,1,1
282.58623127024526,9.122296219996,0,1,1
58.15190129484777,8.927959395898858,1,3,1
498.498260903463,6.539011463692574,1,2,0
213.35238297066206,6.722341498006052,2,0,1
174.76708921397696,0.053391419696885434,0,3,1
355.39471430981615,9.848715661136021,2,1,1
182.5858038411709,8.778326035758145,0,2,1
416.80387820935005,8.95106225730092,1,0,1
227.6810914558522,6.592445370508719,3,4,0
360.059648219452,3.447869286545365,3,0,1
54.61915500450139,8.936486490904809,3,0,1
423.21347359200075,2.9151692815119237,3,1,1
368.1232754022768,5.627115433422029,4,1,0
106.64667245252087,0.997309723438824,0,4,0
73.49771886314754,9.219556301327502,3,4,0
158.82988201408656,1.4077045777121333,4,4,1
488.0592224299203,2.2489680573040727,4,3,1
129.15895570896225,5.58134158128215,4,3,0
228.60747726437,7.640930002129815,2,1,0
15.98009263295082,6.1935130593629895,2,1,1
199.21653725355003,2.3213391280015614,4,4,1
286.08868770111826,0.009430425274903342,3,3,1
476.6091816414746,7.571505803074392,0,2,0
258.85128642509216,9.852073259110938,1,3,1
409.7345557626662,8.099131203060905,2,1,1
274.0166936418814,4.602066181566153,3,3,0
21.351721704323534,9.037672613991067,3,1,0
158.18912931969723,4.0984767311835,1,4,0
288.1992044077205,5.249340842434675,1,4,1
475.346388999631,4.771297673956832,3,4,0
429.7060495158654,4.476238726655249,1,2,0
114.94945147524497,7.751907692939057,3,2,1
110.8348051795626,5.26768907269492,1,1,1
101.38531058983648,3.1671712202521607,1,0,0
461.32694925494906,2.581581676584783,3,2,1
426.4804103977586,0.37747316967433386,4,1,0
387.66683269422145,5.83195161883046,3,3,1
196.97482199788956,2.2996141540103423,0,4,1
252.68597144508465,1.481339220163831,1,4,0
232.70154065278126,6.538299638276777,2,4,0
127.44565567212695,6.812092578215489,1,1,0
253.00899502823472,7.52154892257666,0,4,1
16.217777378524477,5.035768963385915,2,2,0
66.77337637523212,8.940546052038865,2,3,1
443.40820848830424,9.363427533982279,3,4,1
376.0882037486802,8.073709397924894,4,1,0
212.01133612048446,6.355934820081872,3,3,1
259.05803077965476,3.0372095359118867,2,4,1
185.62944409402874,9.829449216202212,2,0,0
370.64915371317556,2.7413616719193836,4,4,1
392.3094024368077,2.0265692199043106,1,2,1
381.87930991137637,4.421541137865828,4,3,0
361.5832506923903,0.5684057071238846,3,2,0
103.04766500770512,9.784944646717907,1,0,1
169.6470196409989,5.884335564164248,3,0,1
235.45287205685378,5.5695209166417525,4,2,1
166.06570272240015,6.557962798997199,1,3,1
377.71515987900614,4.970236477772066,4,0,0
165.3474086007274,0.3206351709454158,0,0,1
69.97781130588324,6.123112888403968,2,4,1
200.12118557210374,7.161738769564306,1,1,1
489.9773019584078,4.1674906062405315,2,0,1
113.71482505385437,7.57295572071193,0,3,0
306.4671708126713,2.2700129933842064,1,3,1
217.05355187001345,2.2127659106618403,2,4,0
36.44125925701399,1.6141698768757395,2,3,0
244.45042639303168,3.7199475978916183,1,4,0
351.37999999550794,8.470120353890835,2,0,0
257.09676793808154,8.279120621490643,2,0,0
436.18092580954396,3.828242079635038,1,0,1
145.17957131213373,5.891187359802366,2,0,0
44.038336480678495,7.208163164749156,2,1,0
468.34624021734504,2.41206774628023,3,1,0
189.71997841458128,1.6814108589474708,3,0,1
288.62637017536304,9.72095993212311,0,3,0
396.2095599389678,6.175573132096185,3,4,1
162.8325182739147,9.81415721833664,3,2,0
358.366104550628,3.377559871322291,0,4,0
68.57400605909619,7.030316999741315,2,2,1
146.35557985554712,2.2260363654123774,2,2,1
73.21060743212344,2.6120017127391293,3,0,1
405.80404864227756,5.119021212696239,0,2,0
112.10196837816589,3.1961812550807123,2,0,1
358.98437414719996,1.6762156384058446,4,1,1
471.70590022558065,2.62880701989326,1,3,1
264.35833232536964,0.3574839446586464,1,2,1
270.47456693808317,7.044236214774866,1,3,1
231.0557504808082,4.921166570858616,3,0,0
163.61918155342772,0.9424306640452562,1,2,1
238.35186043153365,1.716939931284912,1,4,0
301.80095860111294,1.0253453811264401,4,1,1
493.009794513159,6.125928082758765,2,1,1
468.9445150997939,0.942103636124938,4,2,0
431.21432618826776,7.542823330352161,3,1,0
444.6761373167243,0.20510919320391174,1,4,0
234.45674246272944,2.4937578799589213,2,3,0
329.06471926155496,8.906666758919071,1,4,1
447.63829474517087,7.18531318122246,1,1,0
197.0824317306852,0.7296833292568772,3,3,1
480.91947669438895,8.211261044851797,1,4,1
208.47724497252233,4.930351215402048,0,0,1
300.9402500312146,8.467830271688292,2,0,0
355.1925519229136,6.007397744503934,2,3,0
475.3454145248932,6.818330320328587,0,3,0
123.06352075208076,9.935015603957082,3,3,1
373.3193581410825,2.3233554592401817,1,0,0
260.88697748589703,6.239455747613883,1,4,0
135.0100131696999,4.603213900573984,2,3,1
388.5268130583989,0.39451952922691436,3,0,0
276.55891780674943,0.14470641502865034,3,3,1
330.82593650418823,1.1922857781785867,3,3,0
162.12763322037262,6.490917405385481,1,3,0
241.1557019619749,5.671630879133922,3,0,0
309.0597712430455,5.534295611637274,0,4,0
203.05049632065214,0.31856762528260085,4,0,0
99.98789738400295,4.69302996360007,3,0,1
480.8586056653367,9.246228178425286,4,3,0
256.22230248126607,3.975918693106466,1,2,0
367.22626477356255,6.249224697884563,3,2,0
206.11254958447302,7.798186756231436,2,2,0
178.21075024883245,7.839252791418875,1,0,0
204.17498493509538,5.192800823952713,0,3,0
205.18912524903925,8.579519454023362,0,2,0
272.54587785503486,3.9137809336374696,4,1,1
272.19146512070023,8.886932147847983,4,1,1
249.07975412555297,2.402271663955453,2,1,0
68.2581066738016,2.8021640699057104,2,4,1
248.54166377176503,0.531206241990011,0,3,0
85.38284630990509,7.955818365422829,3,0,1
63.941757361586816,4.170552362327056,0,0,0
466.3902129532427,2.29116613911399,0,3,0
302.8700565607044,2.3179027761657967,2,4,1
330.0855390041676,9.013999412292332,4,3,0
201.49504149634853,8.33916600461037,2,4,1
454.58146506551725,5.535308853571833,2,2,0
319.3273143002531,6.161108004157211,2,2,0
384.8157648922701,4.74325570550291,0,4,0
184.9126720448292,3.9166654287880887,3,3,0
480.0459285287436,9.154768812183315,0,2,1
410.4101837889992,1.2561270352030207,1,3,0
427.1202830442573,4.184467897162279,2,2,1
86.92493944545139,3.445619079878753,2,3,1
136.21064072773854,4.981507202511484,1,3,0
143.52767324210495,4.576318745451751,2,1,0
136.1837024001887,5.1888953165108145,2,4,1
427.84867289003967,1.399189772269941,2,0,1
16.910512809087464,5.131415015132771,1,4,0
38.97389450140638,2.4241881388721085,0,3,1
137.68352044432194,1.8433134898819126,2,3,1
100.73661435007239,0.6483421878619122,3,4,1
116.69794732754134,7.626525587561409,1,3,0
399.1736514373967,4.274419208565599,4,2,1
282.0001703521314,6.2664368331175835,1,3,1
3.8795599851910287,7.275933433047434,0,4,1
215.23206008639343,6.793166653135535,1,4,1
204.5345784983291,4.705007190896823,4,4,0
57.85868945282722,3.8789852895172983,3,1,0
338.3947525121271,3.759599096406637,4,1,1
351.34649700136606,6.400487969300563,1,1,1
360.72571630699673,4.947943549418734,4,1,1
364.50700183373743,8.491322479885106,1,1,0
1.0263606392161038,8.747019843267122,3,1,0
477.0064811195144,1.7056037800651846,3,1,1
407.29017476027684,1.3623365154572564,0,4,1
452.08686659805335,6.3040092603599955,3,0,0
8.806004358409634,3.012257480622794,2,1,1
466.99553909708396,0.1857071876509886,4,4,1
405.0844758153642,8.88642669362955,4,0,0
418.7723523363906,2.2690076724380823,1,1,0
47.550404976262286,9.292806516858091,3,0,0
369.65023643038023,7.174344508782537,0,0,0
479.9984281314034,7.6265348991148425,0,2,0
339.59512336766215,2.014614957931604,0,3,1
285.71014090767864,2.341944256168129,2,2,0
472.86920919674947,5.212677538240658,3,0,0
222.02562374548356,1.7209985264986216,0,4,0
300.0474895889289,3.0543169268303227,2,1,0
238.6928084536887,3.2146247794780445,4,3,0
466.4902644587893,1.596299332527641,1,1,0
38.96627865598812,2.0518283339516072,3,4,1
251.05873071184874,7.885518420082565,3,3,0
343.78926825133374,1.6719585454726837,4,2,1
396.1613626726962,0.28457391843922486,3,0,1
291.92630507462405,6.293549426289385,3,4,0
454.5499543166055,9.7598311939245,3,0,0
471.053731995052,3.312138146231214,3,0,1
33.09529237359818,1.186557031962523,2,1,1
201.78289923114582,5.703873253675308,2,4,1
12.706051838856064,9.063542110956462,1,0,0
165.37891202984702,7.8406177982847876,3,2,1
268.89724076733046,6.22515868412716,4,3,0
455.48667032446446,3.1505649660759936,0,4,0
423.430606910236,5.4188017327622,1,1,1
64.62236360932087,0.9124484130425536,0,4,0
47.422156995706956,6.789454242806699,0,1,0
295.0444020395768,7.250960188976508,3,3,1
266.5268682569326,9.650316229099188,4,2,1
133.9224430735819,2.6039735874507164,0,0,0
449.82708919236376,0.18456419043022643,0,4,1
463.7558383213152,5.456084644271506,1,1,0
201.90310773174116,7.067905043968144,4,3,1
445.2609759996466,7.90407475882988,4,0,1
192.59049823722333,1.937389330248106,0,3,1
368.6715990830204,2.6175286903702366,4,2,1
238.49516655631436,5.1259092526729635,1,0,0
62.16899509708431,3.3060080997000183,1,0,1
464.03916641727375,8.60511486587445,1,0,0
227.59420009539076,4.737601537387203,3,1,0
367.5090331208794,7.99578644102003,0,0,1
184.2197334012148,5.806197604823538,4,3,1
10.421558409541095,7.73090141617112,1,1,1
51.164648987226116,3.326729865303238,0,0,1
248.61352026547226,8.314166219303111,0,3,1
345.29221420605484,2.7457231555102157,3,3,0
168.03292796306025,5.460988080032908,4,4,1
348.0487411296475,2.1400711317387424,4,3,0
349.61915912654604,4.755265216261933,1,2,0
352.2640177565876,3.1817520950870315,1,0,0
246.76840515623368,2.6670343063721424,0,0,0
457.5281889106305,9.669850180280374,4,0,1
245.10906247232717,1.6007410548673062,4,3,1
225.68233155482244,7.873258374573952,1,3,0
100.49102868630287,9.841649594832148,2,0,0
154.51988859081192,0.1990148374007783,0,1,1
22.12491176663337,6.99027414042095,4,1,0
317.13411151446894,2.529118055562871,3,2,1
125.01933621961935,0.40487824328304445,3,4,0
152.77347198824708,4.028895789566308,2,2,1
385.6364463104963,9.35217810170875,1,0,0
164.28337039756548,0.11765094366997686,1,0,0
121.85575011455795,5.878856919297817,1,0,0
85.35981681771916,5.0139647859532435,3,4,1
387.65434268879596,8.733841643710475,1,3,1
65.72342273702341,0.8400171452062566,3,4,1
227.42312636492642,6.815260298866503,2,2,0
253.95812792252002,6.801096984332773,0,3,0
344.0075664301716,6.6908001686228324,4,3,0
317.00845768416474,9.42334494935037,2,2,0
405.54961579964225,8.230875290068804,3,3,0
23.330965529192838,0.4197272624350601,2,1,0
148.9239216649192,4.7108285070451315,4,2,1
140.7869252689145,3.979530562013335,0,2,1
73.86243589046201,3.1014722109080206,4,1,1
145.2999486743651,4.513367251540973,3,4,0
155.5728917573088,3.8419418492597748,4,4,1
261.42034650181165,4.323338998786653,2,4,0
332.1885349842018,9.792618656086425,1,3,0
191.1691562922952,0.8863297474958076,2,1,1
360.0156454253772,9.222308698387298,3,2,0
168.7465039512104,4.802367134710267,0,2,0
145.8515549800654,6.237422454995412,4,2,0
271.05283987265517,8.301829666176939,0,3,0
12.834463792589514,3.6046302914925556,3,3,0
40.81477269336619,4.304219080879669,4,4,1
209.566802249677,4.09518480278714,2,3,1
471.51344298448646,3.7473102253575985,2,4,0
