cpu_usage,memory_usage,disk_usage,network_io,resource_exhaustion
10.97299752716767,59.99946128970579,63.643923592988244,5081.022192008366,0
84.38959667723178,36.222496555397,19.670549736601732,3227.764641617804,1
82.08826303630283,47.565530409623314,11.522151992944659,7319.478466065923,1
19.400906629013626,43.918019231246966,91.8607984642271,8759.99602754085,0
61.917164301943025,88.83144324999051,34.26670078904645,9393.321089580844,1
51.75835283501986,91.47690991094639,83.77093025024132,8070.424430315309,0
20.683818595820032,54.3661274490274,99.94152704249802,8520.743953335334,1
98.25114043546512,39.714035528404395,29.028813219902005,5550.398476137955,0
29.322629871701988,19.612063360212726,33.865366706502,8276.293441625465,0
16.051076208150505,95.80625914438855,69.65738088711991,3104.688700564727,1
63.536264155171864,15.420425041026771,96.89037711405591,4044.9397448812224,1
76.49800094197295,36.788524981145244,92.42329133716696,3237.438836803589,0
12.919910144246828,36.82595810530037,55.25879680590264,4727.134620934462,0
69.28458748543198,38.83611575261934,81.55992542740522,2927.2382007625,0
57.9062688356309,24.785815894516837,22.217126778991094,9619.953278319024,0
19.293850798754356,80.48452878313275,97.96943657836111,3197.161817256115,0
25.527148925172586,21.02480757693903,96.79179106323879,1070.6409272983042,0
61.11768675844725,67.14159932378465,24.735606209125386,5315.489943899092,0
36.672185216195956,21.14614240352357,36.94808123227959,665.280876607246,1
94.44841557861845,16.34820738336609,19.013949775609024,1194.3773464549472,0
83.68662065356457,91.84865533172888,34.45458390083617,2271.954953042838,1
98.52104858622967,27.11158896868351,83.4360210473686,4697.067473833203,1
33.370375505537254,83.91251391037339,44.04840464487335,4389.1842298593765,0
97.27512695181794,59.01677839964222,17.955727043208256,8016.949433827633,0
48.81104828124021,17.007086764789264,40.80029723010141,7420.799073452722,1
41.276691578237916,95.99033722942607,98.32450008171521,4320.551110507943,0
14.531457427241792,32.22650502927033,66.67152357332827,3403.671654998736,0
14.748873207364236,87.36808108173459,47.4544851765542,3233.040962208836,1
72.28101303519892,25.192900520610777,24.9884662147543,7762.551364210689,1
51.213609499062514,86.85485939276676,98.75591175553254,615.5168215905704,1
30.386946343249512,11.190593161476459,83.87641083368159,226.93433015499767,0
65.25732756927093,56.06024109125326,35.33295722058274,7975.889480073815,0
32.75723064251001,79.24983214794011,16.30618261490705,4823.749122291588,1
61.98685789099803,94.1315965743505,15.096300163980223,1395.7232716804021,0
42.32878722844213,91.82819225858384,20.834033455498044,2432.1027524855626,1
84.11970039506372,83.76623825928804,62.26917252529795,9331.789135664087,0
83.86265446901014,89.93722146951737,93.58870790849431,8609.07945868649,1
52.96153583101612,27.929771725336884,54.706908520538605,7126.8719972173285,0
41.5737198401514,35.576586614055586,85.86509342105775,4874.029780339533,1
42.63038169031851,36.007167242895264,50.129795787382704,5251.203899294719,0
82.51430731013961,43.93485379015289,73.77251911910427,9754.92089931119,0
39.53615345178508,45.398860334666985,75.86854635578507,9661.127394454443,1
28.81534363361614,59.00997921892079,25.65673353130048,2231.1635532797595,0
17.621950768777616,24.389178702979727,42.50944530782306,8129.93520642265,0
52.00238087959676,72.21219974073904,67.35719408842215,2052.7023950534663,1
53.391888902785766,25.080988537405585,16.362694736592957,2214.021031051119,0
85.68178393626164,37.92776338940928,42.53861689866609,6793.32103822931,0
29.91148268014576,55.301061754553864,58.13195196530732,4109.5108760167295,0
44.28921463015599,81.67965053711296,99.66020437401748,9322.28963035455,1
82.75651650043218,76.55223099148546,52.70802063601967,981.1963754704874,1
84.12612496740762,68.09809207694701,83.44510814028912,5164.103844013981,1
44.61499683808914,24.019593452215314,48.8860556559956,9193.3631513869,1
51.32116209580128,59.234081105402,81.6751650357738,9050.725238747102,1
37.29573017643546,17.87018516198969,63.587332145809754,1649.6392128158382,0
93.92993905773808,43.96268591169857,89.79358973521585,3729.713230954919,0
20.677938916742228,47.216487726096325,46.98482971150989,6229.301860462293,1
94.0374480701323,13.583029550117844,64.3873977839331,1678.0093592368817,0
71.54798066518089,34.658928952297465,66.70168125569447,9683.419503252813,0
57.841493741805806,96.00845205398404,47.5644647620426,9156.018354403837,0
12.93931547060463,95.82693470467206,22.988083931873337,1752.806772441245,0
52.803657263980746,41.70943488272854,18.420346622110202,1299.4390664837556,1
46.6973294502459,13.879009805349165,11.500439553966979,945.5439798018265,1
24.50969307776103,26.118544539536337,88.61808378206932,9103.492273962649,0
69.07686431505911,45.299601409018614,31.28274210148251,2016.8757169750618,0
97.40358166314572,95.30017281723067,29.035607435359125,4221.220792589112,1
60.59699299580726,22.70791571834664,76.2431860383459,4543.62851995483,0
74.32779487995512,78.7164259301391,38.801450177865256,6030.209337714318,0
16.160540730941513,19.781428543722285,55.54402231706529,810.1799030995071,0
47.590029623529524,98.31318196521491,24.625995876771064,2344.9103122651077,1
20.47226366480463,44.34548491982215,96.37711493157722,9321.754830497368,1
65.15162519828593,79.77110850091505,86.64232600155137,9093.260061958837,0
94.46339423927391,40.833197453001866,87.7410660668503,7834.7774093163525,0
69.55999592244746,66.49019894429279,46.60963737148047,292.07233162033276,0
16.912274348297938,27.281447626603306,78.61250923364555,3337.367008111411,0
41.919958448657454,23.141891736726627,22.948853985080213,6316.791479894788,0
59.55970414967664,94.42577256113182,10.775710233260225,2824.3830965574093,0
46.2886980519927,92.58825501139901,11.79756393202253,9104.908281032396,1
85.0279609427655,89.87220461915942,62.79415636641044,6375.505672141175,1
83.32039042389903,66.28901051499341,50.98554147231467,811.8765014328114,0
65.06479180928993,82.74413900946504,56.621381401766776,9099.15532947346,1
43.611215061943476,16.21332432202374,10.671682637549747,9581.889915944603,0
32.98027363869197,40.131013770161125,48.04179576916832,869.3529420780824,0
19.528688639181638,38.233281228144065,74.62613450807747,5370.366325127017,1
41.94079151378986,67.20807897573519,49.842433177069225,3103.3063939202875,1
47.18552654869476,42.03619961235765,75.8997285681,3989.1068571658834,0
70.82406325936662,23.365610347931273,30.97170679571513,1878.5470577578847,0
69.23438418678161,63.682036787218934,83.1827804033553,5822.913809922884,1
16.309732567713127,83.29455286021734,62.95881164081071,9583.995597164017,1
45.5733383888042,44.39111450139759,28.96867894869156,5080.418742688929,0
26.360098049562573,21.904184358863354,31.304842826844965,920.8543558053634,0
24.113143478512512,27.701937758154074,66.52274181125833,6238.013201426343,0
84.45719347635213,31.373497465244558,84.6945633891199,3468.2076450674444,1
13.772369504463178,36.990783369508264,47.40650038262397,8573.659376953849,0
47.72645883119092,67.85155634556781,33.2470386214833,4403.313668333055,1
25.13832901898664,64.08509360839471,88.03104462195404,2009.1121285282316,0
89.13971941106266,72.64718754103353,70.23414625757513,1991.945664642335,1
60.13364619475316,42.62517860783618,50.32769385547689,7710.7653891394875,1
30.824257273916324,84.15978866919805,53.911017575137166,2729.317223242863,1
55.218455844973874,28.367889504018425,28.383082114275677,7695.610602176307,1
75.83377237328042,52.213667276633856,66.41223670583595,2138.284376589334,0
96.23062080274904,82.08448493872872,42.28682594885998,3284.6950501429633,1
29.840140382087704,26.21427829593573,99.60806590069143,4708.321027153024,1
89.75635949164106,19.887680236670466,53.21651637356991,9437.638911965161,1
94.08737027507412,89.53155709191907,53.72970455706518,9324.141105062865,0
92.47784900788596,40.86366964832763,60.92666086696047,2148.031566680649,0
67.18729211757189,71.54831124181288,92.50804028068721,3646.3685083064206,0
66.68385889912369,12.281374383754464,82.07362898737753,1579.053945692346,0
46.28895698654405,72.10421995685047,50.601706281805725,5148.852285203621,0
77.71580940734091,38.44911803922734,74.68293393755164,4659.767251877199,0
57.81646165158387,15.016676822869757,62.76119489026855,9017.52560826225,1
70.9694264105465,64.88314853933053,54.3130343831124,9307.05324013162,1
48.56121134639159,31.672343446585593,27.308419550591548,3897.317170972192,1
75.83468176388251,44.8126517846692,51.75426371094018,4968.205635887995,0
84.20243658440941,17.252273105786223,32.123672832031716,8972.738866546717,1
23.17926309425345,23.24469259854508,92.33579348664892,8086.407296676109,1
84.96367440168052,36.817951194625934,40.186613214671226,136.19748231202783,0
58.62668786112765,18.078355050414142,95.70376130800351,3268.5896854174666,1
86.01993181812018,91.97436382176836,57.97497610852401,4275.564995167646,0
48.81715357069132,10.544233886558057,66.83899408085443,2374.191208463994,1
44.11364368447315,53.54741969778803,58.8646400040395,2075.7589973697936,0
92.35546592655001,21.09227123192963,21.644255527003082,474.06661529722874,0
32.605234079356116,37.69111805301537,43.82390971071469,6469.360278190629,0
85.97910927575288,93.3453603836439,18.923150104986156,2698.85187578334,1
53.56185152584637,24.552509794658818,66.06586397650435,618.2370664699996,1
56.268589829613376,96.92490877464994,50.2186775680395,2386.69517422783,0
37.76214533405356,28.521493929047953,80.01864744138432,8038.9481330776525,0
61.57379805571141,76.74094976201467,29.842343289943287,8529.742898300812,1
39.26900766485902,59.200953840758054,24.810945258640142,4882.355827413697,1
13.534247281748709,89.60308548370833,46.569900786739105,4219.099637045993,0
34.479874480992045,59.85939299528179,93.3926844896543,9780.751565667639,1
10.574113906593162,58.11032972406778,73.93796335111705,2085.590129921892,1
98.05193083511709,27.59122003315599,47.70312623136268,2232.056900260624,1
96.91724888377728,24.960642584649285,56.55449527788795,2989.4850526603577,0
45.56397677250745,92.48402360039628,17.57917100593885,1810.2974509827643,0
75.55337689056815,39.50543789650307,98.61183067385018,3855.719422221447,1
41.12254885693825,43.48740294666064,69.9766574225427,9117.258847198562,0
70.39838413773785,78.38412925855495,35.68636616170802,6191.943622222885,1
82.48870387413812,40.49411341805266,62.72275547937199,4178.27083126141,1
95.20806202230166,95.68562019751025,19.85341294620946,9350.666866255026,0
46.01910482647048,76.41349920989202,96.92530019268253,579.795901510641,0
80.49681846604429,63.7686318316078,25.730648909502932,2181.7341612284276,0
33.93356055689069,89.28056444902772,68.32272862496927,5702.297190507414,1
99.12990734142835,14.464531751453448,32.090901628503744,6193.970969612474,1
12.319263888791603,33.13564229702879,74.58052443836822,491.6193149698701,0
64.31759258510088,51.853270079881895,79.91392305162529,4090.0837032806085,0
69.35553834861943,30.42806855243689,70.60777560202894,6526.62425182564,0
71.9241001366716,76.95146685719368,65.30495142296732,7010.898409393676,1
20.83488209101801,92.72872279483526,90.32221845568105,6417.585034911066,1
94.46768051258174,48.1393107937831,17.076403989078223,3273.575921173153,1
26.306495114507452,40.79193401007055,39.782328920217566,1025.8492236193042,0
66.04780629158569,96.53956589238096,32.34587316677614,4328.413219551408,0
30.040847121077647,50.03671895447867,98.92125658588795,1374.6689299437492,1
37.649477531914386,54.01435604043549,45.045080170018615,9481.474219354604,0
59.18126875553119,41.648488510771486,75.93514293163588,4804.19157362402,0
47.547407670811886,91.85936257109245,71.62526474929041,3240.865826132989,0
24.420304087885565,61.20599349536657,29.087311372963995,7686.410304077111,0
25.384276217876348,78.59571284634802,31.50979121903962,5029.691066564413,1
47.63303093465197,83.06260465157978,35.31561071977307,3169.3368377232555,0
78.15546804479507,40.766413772553236,47.00145504334413,8138.480649668937,1
90.81681821630097,49.03248981883421,31.08925590854741,8684.806294911108,1
17.571489603344457,86.36245969656382,11.768633447216303,6762.780846257902,0
45.3793516803461,42.69298165082292,89.1453751126476,564.9477818359062,1
19.0221007350589,81.45416201066662,96.90488482427956,5706.5965136486675,1
11.49332325693381,94.68930903169934,40.74133483284112,7656.619628773088,0
69.5546814379561,66.08893357612062,40.46561914829256,1451.3798196274636,1
64.2204497769929,76.74645587067,10.638263149693389,2363.8404387075734,1
24.67172024333976,82.45875808370214,71.22256194973366,8836.70154017455,1
31.04315497837577,86.05356840069783,84.28959061737659,299.20504634543295,1
12.133697828006653,45.554800407111635,23.194747032400286,7551.9986644771625,1
85.14524851249634,14.613711325839835,24.369971443043568,4790.355595892786,1
97.72215364436963,46.16886441130656,81.10749249742939,4523.044372512108,1
22.191358311522173,70.63806068056809,65.46616735187303,170.25567169938304,1
30.832769238876832,50.53153472027135,14.037450186494532,8212.04248656828,0
88.15685715522406,77.40668357743587,66.02922914160536,3662.266516302008,0
93.38174181605663,42.12841865217975,37.802595055938944,5453.579749875375,0
47.76646445261293,67.12697269936265,43.185263992376136,6805.276794723029,1
14.55602250421667,26.777782436857713,79.27582764671922,7056.032806735367,1
13.545265032353747,77.44324929804613,82.98416734053495,9564.202582378115,1
61.65548794621094,59.112637193172326,46.03209641558476,5360.26553704243,0
45.36055980038611,28.365794969194052,95.24376424057193,4057.223554646833,0
12.578718481988906,36.27200561480265,46.5816446156865,9541.665902267909,0
62.49271530813011,77.3747837723649,79.4652431707099,6456.891326752659,1
11.017228293012023,53.43411120953686,53.54895381078332,3051.6885271379006,0
80.86347623343457,29.442829635376498,90.77790938698756,1351.9960294953544,0
37.57895404330344,97.05440713332679,91.69851192851608,8441.289564505294,1
13.623220270830888,74.36125178351992,17.86751270839755,3685.5978676621007,0
62.9516998884838,96.14213492858165,94.28439981792032,6638.6502415078685,1
45.79159729897492,48.43945408243089,84.29813573683741,4761.082551722391,0
97.64203720214346,52.759030662254844,81.21796428814002,2069.4048199708795,1
58.977879625333195,90.81596945665173,28.08202057169702,6056.697425342604,1
34.771526293330744,57.254440622084616,82.46072878791985,700.7623826117549,1
73.84949781705774,73.65510207151004,86.51194612165331,4192.090352724803,1
34.43428022884402,32.6955589745977,36.023530100873586,5511.487902670343,1
91.38189622668087,50.205382183237646,95.70340705260914,4416.8650437739325,0
43.72497734566388,21.11048792293196,14.487413175924782,7511.854534984809,1
59.48817064985847,28.53820322892655,23.49183279224257,8296.457049998593,1
14.551579344180597,10.084907374086798,58.382302424636286,7735.3064329284625,1
48.35091141570077,13.533854648379421,61.82132240100787,484.2481833368409,1
84.91271856948954,97.95554408592363,68.0635074970813,2021.8748274151249,0
82.50839248270077,31.811832562308606,11.527221638391982,5412.4143417113655,1
30.188670296817364,69.69796385536017,96.43300971599173,9354.738200393633,0
30.347116390950642,85.51897289196503,14.01292834607296,8366.072073015957,1
83.55747809919131,59.559441331290785,22.875575745106214,8441.091632682836,1
93.7358578152393,23.783005007556056,11.261306577345128,3101.7611182207816,0
18.58248291457032,75.53047936025497,61.01725899646852,4351.534181079155,0
50.505277548360276,64.02262690896248,93.9040195528875,4759.98887842778,0
40.370885106780605,75.81255304126375,69.93524494724178,1657.9786751641132,1
88.36196099116954,79.27719605713784,84.03917216323846,407.5744894201175,0
17.51724232120169,97.78693309162706,11.195308311272207,9474.338704659118,1
29.001334830223367,61.6206952024039,58.781376863175346,2483.0545980687166,0
77.72215038278449,40.747700142154166,51.360667975496966,2475.49414686395,0
14.616446408309402,68.36181012102134,54.90711497987137,925.4526323107194,1
54.32818426428604,16.15966383183635,16.499186680166915,9292.226744243408,0
49.7896331211748,90.76575864894276,71.59918249623767,5839.397437903743,0
40.09610610898738,20.74429102043771,55.2898373372771,6703.664885541003,1
45.51150837870314,39.505855409723644,78.86339648751375,9124.61118390422,1
57.694652823720965,83.41708425635088,53.676157065554385,3521.639672117816,1
24.523062254954482,63.75811404976407,23.444347260378887,6252.922380267033,0
61.47962904552335,45.42719682496979,68.34312586700398,484.11460181598585,0
82.48890963699877,52.60920934375193,25.51477258946496,1949.0480294881804,0
78.41448368111432,86.90926538819623,88.51551070193334,8329.333470390431,0
23.85099142243963,40.60039474539029,65.18046151623173,7691.006727749524,0
23.43245227673265,88.26847163309542,24.148349520125883,3571.362645425754,1
34.1356930970422,17.932098787902234,96.61042517330861,3830.4252149647036,0
42.49672537069335,79.91185934877677,56.652891700178856,5382.188892180437,1
46.76100232676343,86.27928697492626,16.56086066844895,102.38594638283203,0
71.17274951500107,26.36358875536049,66.41496139735605,2488.318926776476,1
15.101238894925187,48.73118791349804,32.78790163115292,2161.494905221323,0
13.120543380345975,24.894979719729008,82.33241066895722,2579.7811728226584,0
45.27195066495181,73.5943716094796,83.60398662095716,8078.467841081069,1
72.74473229241823,58.1812991255491,98.10526202691956,2868.7711798097876,0
27.40918086608343,67.1791012037489,55.16825779220533,1996.0610882964668,1
67.73540331306265,27.683827026059003,50.94611917549634,5092.208261851012,0
33.38453241462695,29.057127584717758,77.81280449018325,8669.885860090046,0
89.74774979321647,13.734759295891573,21.92235907077339,2489.3620679912488,1
90.61209498399549,38.98607816761567,59.222396241381176,877.508803648707,0
36.75584838531938,60.37701952003074,59.162284011776585,3628.4068849116807,1
30.699437856691645,87.2141422597596,18.052581052934848,7501.7530631932805,0
47.017357485960815,70.02347027128127,47.61856769562222,5551.836392478467,0
31.647842666213386,49.18566910597763,86.79563187104817,8186.25435878604,0
70.51454589625334,95.7808102954724,87.05382597951943,9599.962261331417,0
84.34582160934569,74.73206805182487,18.93138984277129,7947.358519841009,0
70.57829178200953,93.7148682576295,18.164879447304777,6077.650480553159,0
84.19154025244146,57.48291759449491,33.642592930174175,4984.081721718567,0
45.72929459867267,33.30138473138256,88.72894562985941,496.68395484784,1
24.06852736379748,14.754401772824979,21.601232656614904,9844.787590259008,0
76.41558526578329,75.34763663354654,74.79971223647016,3896.463113492921,0
42.44270546273985,20.91726982049807,19.10490576517929,1607.0593177769813,0
70.41437427062192,37.249761544477046,66.08240683730429,6700.417668424921,1
34.35795477835891,57.92238170955076,42.04605692072303,2914.4540620450475,1
17.31066713260054,60.79749290017729,81.00225666692803,5899.204882217371,0
99.33236159389871,64.05248772884224,31.032140394282724,5909.002287661453,0
24.058135713753934,24.962979731473055,67.52816464509638,4512.725226938404,0
98.95788945671329,44.17636643394839,31.211428111829644,8377.574293895923,1
97.95519393098026,65.54748044052701,74.22942548009384,2723.173909398886,0
81.44362935172357,97.28369781704063,88.6310231104674,4541.462657015568,1
69.34806658737978,75.48680239297198,21.412161921408405,5423.152073050618,0
62.002634522597624,93.0343381384562,87.99361197359532,6669.884735596266,1
87.94913908400513,78.59908524827594,63.421772897286814,7861.321320005336,1
36.04955694575391,63.25452720031604,21.439944178032157,4008.592100494735,0
52.091309123638936,27.282103222271008,48.47876698237408,6495.864746556301,0
65.74509724298517,70.00170867032617,24.47742641365881,1591.0484353783393,0
47.007142828254196,66.10416093639164,73.03130999799126,9333.216195370538,0
48.473780868124116,64.22222534115397,78.29813209761546,3892.282183567935,0
39.72562007518759,54.080728118941664,19.521686824551907,7322.26207756674,0
60.780863501608245,57.579094359034805,55.55258674251799,301.3767106335587,0
86.55170752136044,40.09982744062937,83.31625504233254,2131.352714757589,1
28.137554020568157,56.73814233780728,94.25467373958969,4922.117188803422,0
94.09897348780973,27.780031511063044,56.2166080067593,8794.69943055023,0
72.01788883734068,82.46569576243391,95.52513012502664,5319.825984511704,1
84.09458914120272,26.719925922883704,58.212007341042685,9305.717774709403,0
60.05716233670105,17.646966090051976,45.47714451399172,4889.589276169684,0
80.15650312816571,49.26214237214416,86.3382815697606,4955.446057685905,0
11.458035760552049,69.24766955554557,54.368443941228016,1285.4932061552656,0
83.65423823015817,49.39451424401872,52.471225950807074,8046.296817106976,1
13.612497317682987,34.90787187561777,54.128124046884544,2544.9575834239185,1
90.09220387265762,60.235406550139665,86.21065016827708,9006.16364478592,0
99.2766472514779,41.230210187097995,84.8747387519247,9117.159781270922,0
36.46607159591,93.95809211139698,46.31679931961901,9438.770107554083,1
28.92867006572143,93.03806256432149,39.99698738834725,5250.281842120591,0
78.88270274722366,55.21346379748859,54.27352216352163,6803.228469358079,1
32.77237068282279,39.50955946164326,61.549525876339814,7807.307212610469,1
87.90061448549831,76.34191725609752,31.450348956519726,1397.0447246396095,1
19.255833294172902,13.304164913475997,81.45595762440315,6049.476230475222,0
21.335967674142243,52.72921054392861,53.78344891591806,439.5492229027856,0
98.1236399590554,40.26910548433002,40.064099357796366,5025.904225548386,0
70.64550084430041,92.84822965922992,19.613889366759153,1632.9425480402513,1
86.21985019860576,11.08027245454143,31.496064436324623,1910.9369670246385,0
39.18964396163662,59.753338814651414,95.43530545803853,3713.970910256755,0
70.8835374568544,76.65972229599635,37.458971813757394,4381.12795049338,1
63.48176445777375,53.65161887716371,25.19733604303318,6269.407002868654,0
64.28351081106523,17.68627271464495,51.460551248949386,836.841342541305,0
71.42792135839494,97.5215251025112,37.63789690242238,5086.548436250702,0
61.78232558161887,56.62093882384881,13.164332524407474,1907.988789505701,1
48.615613237239934,65.27676198871103,39.08306955514755,5782.354232814245,0
34.83304249424921,31.29488044367566,58.96977615455217,6410.305661385717,1
79.17231978218818,53.514827659612344,59.654113481797026,5611.421639873253,1
30.36451870028676,48.623454276248964,42.090302905919984,7409.125553735245,1
72.31188755389728,16.740625780178537,50.25724806273406,3422.531517984923,0
30.999954038439398,19.55443181927205,96.89661264112898,7674.5552571679955,0
66.27971529590084,85.37252676568971,43.961362950728045,4384.394108911118,0
77.2370440416126,31.58379569859312,33.24041319339847,4893.426533393708,1
29.684250001588527,27.546244434876748,31.912033966008412,6516.211059884607,1
15.394897077517745,55.44203061251253,51.19881514337207,281.7480015923172,0
21.78763686947567,79.18724182262616,78.35681338452497,6574.542792060458,1
64.5397270543923,15.575186672108913,28.538936576962588,6223.992975813942,0
86.4501765603162,61.912712767443026,73.83665144266912,3167.4864558574714,0
14.049713911188192,20.728939855651603,11.903484101447466,949.3634205049459,0
76.07361331374817,13.281494574305661,47.703968018555145,1000.2609541391073,0
40.71867813550469,14.746955694599565,79.82785586825082,9239.915095153763,0
53.067553292757026,85.07476973875973,40.48596601969883,6923.8652801357875,0
93.59735948610091,20.61752352652554,60.73633913008595,1358.31587633033,0
39.87743542622609,14.063622797106277,28.448130954331972,3631.5593761581727,1
51.880324054553746,49.41098984286211,76.7795852013555,5965.581639625804,0
11.2314173284613,85.95941247478223,14.705119294188366,8372.159880397423,1
17.343884800435454,33.61675388403717,86.72883803879503,532.2431942587845,1
33.27324320213056,47.95413557733247,27.837674777950134,2442.668001553088,0
12.506701673896696,13.593027930737609,88.69582285374976,8908.515003924262,1
66.8237793443426,50.417066272138825,41.72763171704656,190.7389468197832,1
48.37585211214603,61.98517725734203,75.04152170270379,2093.851117659485,1
59.333068245521986,61.38163483769303,38.73027680075696,9594.339342132364,0
25.71824673066966,39.918402295692864,91.53205041111828,6172.678280569494,0
36.63388264929545,38.3979862596822,21.397341296653693,2690.5465297113137,0
69.74420273674525,19.59612570429381,26.066781034533882,763.2118345188914,0
96.87724512673599,43.01184885816416,54.37271126429221,379.09427042749934,0
14.537509624198828,18.95452019856682,17.374459513433152,2522.97628840558,1
90.13458887697395,78.99363502408464,27.638216623158574,8826.709613930214,1
61.919308118008765,96.96468679733673,94.93897439908129,4217.545177545344,0
60.75276100800613,97.30670110000362,97.88406950330985,7231.300354743331,1
55.02506816869843,87.85639894378545,43.86333963973797,9191.021850261583,1
16.245467731376504,64.07129344056571,93.0957418912542,4139.600569867884,1
18.08891665625446,73.07791275194919,59.03422081060886,1993.6459732702308,1
64.08208050931775,35.66852224123727,34.27682192863904,5219.467515483503,0
40.68627142920025,66.76933781553586,73.21588489725389,9090.028501892559,0
92.55412599199126,51.00845944958897,69.30116259173715,8063.3066999632365,0
46.5931483623525,53.38156057992393,99.021278719786,751.7154492952225,1
22.895331283237695,78.19989043376421,33.8542558668355,6956.47072076806,1
74.32469501518324,35.37265200375265,70.48535523955618,5761.785472343642,0
36.40180792969089,38.62356505250679,14.682137952650221,9083.885445829612,0
57.29232766203039,93.2177612015773,20.228143482704745,1312.5660268179427,1
72.8049506954653,15.060186536587501,10.352653745598394,5386.9575207261005,0
91.02377000818633,53.707086857200636,99.95146129537058,8806.680665767733,0
81.29720753215085,92.15207203670755,82.204632743273,4159.235488743256,1
70.87249610854516,64.93267070363413,80.80507132601868,4871.749685555384,1
71.16698641556292,59.176636679091885,55.87534677593617,797.5607089028871,0
95.13321796288778,32.47697613064197,37.0060374614896,2853.622040444217,1
36.62416877468824,40.89479401580034,23.613785601640835,3312.6158267725787,0
10.100088477656866,86.68435742242237,35.62072649618173,9456.71224257438,1
34.47591034583788,60.32963185916123,43.83740997362252,2898.4068693574745,1
29.610224166406958,56.32679743811019,78.06790872822647,4662.600479169555,0
69.56511266025984,18.962174218602605,58.56956100128372,6745.91379328637,1
67.03404397889761,11.442534080961082,16.97352638999344,1705.615386837986,0
63.411524443425144,96.73166698183442,11.622610806302102,4915.779632704557,1
11.461909888850833,43.92875505581575,19.209896158065682,7411.536490811485,0
75.59002490055828,64.28917558895539,46.94488423276414,8681.866608967954,1
39.11773712369424,17.174356586855648,93.98736253441164,6299.966819158024,1
69.8550390105968,71.48028571507419,67.36622330882994,6723.629801637784,0
60.0920585651938,93.93100378353648,82.16433098879637,1350.2063785872326,1
40.84578328851165,61.80987276976777,51.97371350540937,9463.187322738837,0
22.1118640393697,21.35037901378695,42.54994748755385,1412.4833670963753,1
18.497700789443286,62.3549374726129,19.756033544496045,7769.262078099803,1
84.83664998010012,78.97124917941872,88.83397199675845,2721.6815856053563,0
92.65577878734022,46.57748829166168,80.48440261251126,9342.57212264239,1
68.48092420878696,89.1853973147321,25.13062878379526,7227.599439757847,1
19.309070337443504,68.38146580216281,56.103450748863445,7562.755758485852,0
46.18244951994166,90.93240264602822,53.86373271291204,2268.6858132928446,1
75.60452800946415,66.11547801226035,66.25823974178758,4486.095768688092,0
80.18387956090613,21.81591748043418,95.1568204592135,6216.350626433936,0
20.639676006197973,37.87225399946702,62.179429758623165,7722.738820245349,0
10.002764696084418,28.161545342721123,58.619554010075674,1129.1978215326567,1
74.09233412925445,91.79438479451761,14.529063964119755,9627.41663289983,1
42.09365583875851,78.43600605587343,15.661672841622154,8913.184638490104,0
32.90331984564342,70.87585320190055,26.861211219411,2776.451045906285,1
11.16077228105729,37.086968766845956,12.922369452257346,8245.326406020085,0
58.62694660853497,26.564029484519217,76.90176060130112,5231.406838094252,1
86.60356618833836,78.08059791900206,75.09972735945668,4671.884167463984,0
96.1868481645329,52.67421512911717,22.245061098847863,3212.8976475329137,0
60.91704555519603,30.32105969355662,85.24710107157529,5851.589007652765,1
56.30151949659047,65.49597803487475,23.930743136150078,7325.902265265618,0
17.6550746940317,13.630046692460677,37.1058028297623,4168.235759131307,0
59.39855213883398,39.35532287154282,32.407920924522855,6329.270010782092,1
44.19811710688552,52.17012951320212,43.5076388715743,7023.197919437507,0
64.64217527952192,23.316250069846525,32.91973893009657,7140.10598845133,0
44.9853713088892,98.61890298317556,54.00558337946069,614.4643714986845,1
31.626921110533008,28.818762813065284,46.66670932192169,8611.503276282163,0
18.546874770553885,21.7317817038939,98.79125417013938,4636.707816173975,0
38.34266001300061,28.318138649820675,15.03337151154031,2697.919208792523,0
18.698035085897708,79.21550198437518,22.796323874861645,2493.4686240488477,0
25.920725574158553,48.295509334465855,14.754330451774223,4881.83971715511,0
98.86025427215914,60.88743457772842,66.32570754841382,8879.632240742696,0
49.96932012159568,11.890824128772467,14.905834967234762,3845.6410586582047,0
57.86845898545149,13.09881777159831,85.27957636385109,7522.284893157079,0
88.62566758634938,50.124299484431454,56.074476761373504,1058.5054367734642,1
99.6012010441619,83.49897188814612,57.43068621233803,4812.961351295511,0
62.44430044102134,89.67149908368087,60.543505694097476,9917.692789888082,0
83.12264389397545,17.80359108360762,25.373233567558966,7727.334247644136,1
39.424692190300775,58.45267918909205,27.79212728030388,2184.2320355620686,0
37.5169561702562,92.19067176513434,38.69355905857042,5064.270589609316,0
46.243334889510415,44.917547895809776,63.41467742396663,2412.885160120809,0
70.52565364062842,84.66092482855318,28.91059983461931,4154.653179898842,0
71.39725203295889,22.03260889594926,20.46985544199351,7822.831834976151,0
38.371549118450574,94.18550407010189,97.3105197776589,7735.125671374996,0
21.98889317229658,77.62809857781724,11.978363332866062,2358.193741233613,1
66.91566308189577,94.72009535082115,82.24276648024194,9230.010849733115,1
21.549327596988807,70.89555101972559,80.92316346175198,5966.425009371786,1
62.06432574063971,42.70635387994843,36.74927024605864,3861.2504805239437,1
72.40799152506781,94.43630552722502,22.206395440658206,5069.162249730521,1
73.05503467550065,34.80100986782607,23.106578203488105,6090.205409033662,0
77.8124899593637,39.89552698555593,72.76884555134733,5642.916265273276,0
88.5573479409098,73.07275762015664,67.85259319775562,4915.409851808165,0
54.99630927683096,78.87846695728476,80.44711068262481,5098.834760485061,0
75.7224270576614,93.64631354642384,94.37330551591943,1846.4779132360732,0
65.72554618292531,28.432216815058855,72.27346269399328,8146.055752616326,1
26.79759458179143,81.81982316973016,24.02663828962991,5463.427167416052,1
12.312068038246736,76.46914480572671,31.90983550888696,1397.6906308765606,0
35.60872471092404,15.741510062823808,85.79743577858031,7684.955305669501,0
49.87303357038574,44.85008270891863,28.83754682507877,9331.195385935773,0
65.53953499857906,35.44889113540887,16.527008525903327,9478.338302445925,1
86.49633974528848,37.404138191862735,73.29520486380254,3753.27555087061,1
27.662114503554907,98.46521915992308,46.22737199411279,1441.617048251465,0
21.29948109086294,67.84996721319351,92.80360472913132,5232.156303667345,1
96.71319527268948,74.59085420141496,68.52295639842953,1214.8313705572848,0
19.724010343876643,97.89558735835082,18.137708001249468,9346.47544327491,1
53.06419630964702,43.94816042118748,95.30709105282946,1917.4383108159452,1
62.70073559139717,82.16561516075254,33.27015372762213,2602.3820135165242,0
58.723697881669445,49.107786697404585,40.34912413656572,4125.701616161207,1
17.74289413296489,88.25803046334818,46.203437231518784,3893.328238735345,1
15.132422260325743,26.259178718017285,14.610186676388192,7967.162634739101,0
19.49350847149321,95.29175593578516,54.686388000754434,4617.536523454527,1
62.70289154853513,29.68945375697917,21.0986641967763,1790.6057740330352,0
58.991039887088895,39.359845628283836,46.087329401951656,2745.3779653121337,1
31.036671283306983,78.05730106961025,41.563880919287584,5140.222513356468,0
67.39967276610324,45.437962740886604,79.55560750838531,1559.7937825187355,0
83.80607518500844,64.7390239089802,82.2853460469458,6155.391188895539,1
13.742106386193438,50.01161509624856,23.80715941501792,5700.898334856344,1
54.831694919323816,76.81329433808037,42.98960686413036,7175.5529321843505,0
72.03793708924212,30.549812713174976,43.60178449286485,9383.27569225574,1
32.70807343627184,15.26121885131893,23.626939954247653,9131.320154901441,1
37.69938147638342,36.99364577257596,81.86081545460715,9466.14861888143,1
65.22741126904455,52.687779838158725,73.65054955018809,2522.6844105346395,0
90.81417640993632,25.12180469734107,27.134360766733124,1402.4965357296107,0
82.89319782726095,41.93175606907498,43.004971773441916,3092.5393349148403,0
62.481719718962516,45.998471646421166,19.522452237086277,8961.343210386514,1
75.71995459815243,15.165265931944619,66.53859373837395,9723.329398772534,1
42.834022318701884,62.49765233657841,20.92347320937577,8607.317015597713,0
67.6868975288882,89.59090851741587,98.7340751762426,1189.1754391626816,0
51.95634320148013,23.65686216577472,80.26138672190761,9479.537180791953,1
27.09425228118048,63.80272120613626,45.12146946255955,4291.244470772781,1
73.15644464895314,69.82652844197617,62.0707539051419,192.17187854730142,1
60.08181736139398,47.74012123773595,92.02076345947678,4479.698033407117,1
42.27594237582323,73.0987828627843,59.86893523562435,556.0847797871292,0
92.02052710707676,46.96583891419108,25.704863775815966,5484.391419495064,1
11.884070604405995,55.41735591796914,44.083302002304336,3451.684871626808,1
38.419583612454645,10.661774009898428,85.88303785267709,4787.005842581083,0
15.11932579998819,72.254810272122,67.97917143906561,6170.386571356858,0
78.98745845994645,69.5208411050252,68.56519459004203,8701.13084859642,1
73.18967087024134,13.45607895937101,88.01393371196403,6652.825607072093,0
39.82169968626853,43.14250966556198,90.45757517162542,4397.0837979339885,1
70.80966119863658,98.11286567125006,92.78133146014926,8212.335751336614,1
45.63435035763548,47.86629063117551,18.53642739278405,9065.26316197401,0
78.0628412280191,55.17508646186575,58.97134017667908,1285.6236676787526,0
50.876529646303545,91.89371423437467,76.64585690964867,5366.136477772636,1
47.1051755048499,74.55356882791807,78.12341606143124,2916.668401450197,0
94.12569239394709,62.38631180118012,64.60445817730034,565.9058589817793,1
32.579118990163025,81.80242132069652,25.010860166530676,6718.612281628455,1
20.840260599690886,87.79296398103759,81.76784985474978,8641.430696846333,1
62.60888019335123,51.119926456354015,74.81002001634512,1712.7362793262012,0
97.2389631055761,52.759752843865186,17.752219439413267,8142.895210476615,1
44.0055292354468,44.74458420866522,51.74288422069387,8548.617762015723,1
15.583308726590337,97.00355260166145,25.65796595696232,9151.970382398187,1
40.537474057861075,72.74496288613153,40.37293411416747,2726.322381951919,0
55.53384888876026,17.490075958726507,11.62729829851169,9049.135345379904,1
24.573070596899235,87.66636609817166,46.02968815696824,3274.561271890679,1
69.22919962508428,53.250394675264126,59.48892290405894,5568.146333209478,1
99.79744501091805,16.18785157802387,65.76243335443782,600.0239612395931,0
50.656552838329944,59.47455296469799,69.71413106158391,534.4227748505616,1
41.92557010571914,47.54478510781318,85.2662181792214,7231.6948060488085,1
46.063375015102,88.99744643763624,29.391661654815703,4500.351781980131,0
20.363156055568105,28.359514324844863,20.843364019462115,2637.294516155254,0
89.49462412836014,84.38181485429647,86.6383454708133,1985.093610646611,1
47.33430899692168,60.191982206690746,24.09515334033849,6732.539559506259,1
44.85469702823572,14.914927289212214,97.72840732025757,103.97528585086474,1
69.37212456374269,97.46607711929362,85.82844064587732,8078.322575048856,0
49.78300788380112,56.135371969287995,55.07889453006392,884.5711006862953,0
68.34101219270615,36.17891688084242,98.32792824298227,1995.7471875903825,1
15.530166111770875,52.24661577903323,18.76390561972038,3923.740313460987,0
83.23510093500047,87.207200516574,37.27591850575915,4900.101523189425,1
94.64535575914623,37.441281194655716,67.44019735365504,3614.451646558024,1
68.38888475434473,27.340875683803027,41.500618162586086,3275.0504333445097,0
95.91093359729297,21.61641222377933,93.55352967827126,9642.768519524565,1
23.628908293296696,36.80734585511901,15.90634793600358,6451.638844309603,0
52.96745705323183,80.20432783360391,59.44706488548681,331.9862581371433,0
64.16260605509025,52.44637286757355,63.1779640655603,4358.741493598701,1
62.3562982679068,30.4733443324186,68.74553113995017,8762.586127465305,0
46.131560118013894,24.95664996487743,33.0099600998633,3084.416245465613,1
40.427596842963524,39.94565288593412,42.8109784767878,1036.1078132664434,0
21.414162029537692,94.5931935597138,85.93124766984799,7608.009238740186,1
45.256820550605035,40.872404133102194,27.544849207314385,6099.536936167205,1
24.639473359493664,98.93116683591718,84.41810624560259,5746.093827482388,1
76.09291088429966,53.670741018882055,60.63898806124681,630.4079401133384,0
28.7947841945131,26.124752646113578,78.59687600746739,1490.9401969756216,1
15.270877475608046,90.20260826141585,74.22466296371243,6263.239022509826,0
59.712952403551085,51.43198358213442,28.676034584639112,2157.4560304424745,0
63.57067594474614,73.87042091540721,61.193146279048555,5090.293789509401,0
88.4721755152455,98.53404248882366,88.09508375245831,5494.328691690996,0
61.92834511759137,14.51578152879766,48.89046131217364,2906.7211836823003,0
41.09327683511012,18.702510380881044,96.9931693200985,9489.409039860779,1
82.27106933736884,74.84110673164805,50.69935900915463,8440.394657672194,0
58.62510038686789,35.36425029659248,22.850707300109622,7251.497725564705,1
17.135225616807258,26.587125725508916,45.04912120699059,872.1392774531499,1
60.9265504281922,13.542569183775655,95.65321657514835,1150.6871911592925,0
91.72166908794962,11.966204078758162,38.77487644058688,4978.535324063061,1
45.66813629483985,79.70370428078118,88.12883438803566,1691.0621569907582,1
36.66932217098201,22.0990084632595,89.31256135137008,9784.828088941793,0
22.912251131621804,52.09485543740358,41.516787189876496,1669.3503168713535,1
23.63009697418216,64.53071336615346,17.493189224556893,4925.931571093342,0
48.949433590763704,48.55166205119616,75.21021182429364,3704.798462730904,0
63.611184174537655,12.439598710260979,38.03610691125874,6429.92557239557,0
17.25538646526416,80.5151352329118,80.46312528318151,1377.4604480053067,1
94.56117301226492,10.946190208748813,49.83893634343898,4360.13263761967,1
77.96202557006764,78.57009049397357,53.67400681083594,2819.579824790722,1
62.79615264552964,90.39740444093104,80.01184660736831,8888.740094249712,1
84.55948038450917,48.95559289514551,44.41269979554651,501.79855013348134,0
17.216808113090195,58.19882257880184,49.881461079062305,9145.902190663946,0
52.915498995981196,52.92850533558884,43.85714218926599,8346.641971674704,1
66.7083814175497,45.02877567610949,43.0606463749552,3045.950092764073,0
84.57876155064604,89.86820818333243,57.33519192113135,7913.977481303336,1
80.51226040443409,90.45401596029915,82.79195000510356,409.0142473536008,0
34.936232474205966,40.223472817738106,42.559148073030926,9671.968947904597,0
94.67921526032839,65.35627786132281,57.182924848396304,5313.289931638915,0
21.19112572877833,93.42168059312777,70.36545928983408,3102.4821580479083,0
88.76202567590369,96.58526490472164,34.24955016732895,3689.573804687303,0
97.38462246441567,55.80631363798428,34.977052441215335,757.412999258924,1
25.9438170900363,50.75423247558941,94.00718143211093,9894.560189016189,1
74.98594577834068,35.08248843356732,75.11811159979797,488.9902569918553,0
13.625696690019861,96.2984685871369,61.9468008600978,6583.580519163805,1
46.488054262523946,22.853287402558063,68.29480489785507,4483.085684293937,0
56.46549692779066,62.18466184429525,12.636949879307654,9494.270560068278,0
62.25807033186707,35.429524076677495,65.62926690055272,2535.397429037272,0
94.23435234237036,35.110746131301696,55.855798590178175,5367.659556986312,0
70.50256185647751,46.44717286385696,59.11747118014921,4875.326464969255,1
53.31501560973133,99.89136422340891,42.348144414773536,7058.377796096003,0
82.87075326393004,14.946967615583986,17.33265079416477,773.3012963289631,1
95.5479538858968,62.06876363831783,27.400531025084696,2018.512387231213,0
11.985953381406176,17.431494223174944,95.56702418914045,2224.191718919213,0
98.42691450304348,23.906874699146705,46.78296060438406,7407.6924729327275,1
17.751892515731228,49.56066475956088,52.001484024777774,1972.4730936347266,0
83.29481013418852,55.94141182117972,14.743881086809509,5777.568462520669,0
35.23012772962713,33.29131675280716,13.380960658958253,2230.9138229594414,1
21.896169197848458,38.481141778697456,74.54633023420818,8630.087005831387,1
49.58700757424514,17.827031823033977,58.42851977090002,9427.63599944742,1
67.95609215028522,37.28978054598255,55.783538579464,5233.08045192818,0
44.28566605211275,96.99025954424897,31.88120773804018,3587.857953670865,0
14.910886745442905,95.02366435052335,77.027565846693,2417.1719726732413,1
63.95150256928449,40.13904611232865,25.14129211976427,592.8319150781333,1
91.21629484996072,61.37685426508854,27.094126929491804,2758.1507543552043,0
44.48938293525265,91.863585199985,51.464095421344794,6576.934221458647,0
29.469949986774434,10.5565440376807,35.76518759007468,5382.807619961187,1
49.831961133953385,82.96152133038326,32.27166831098317,9446.008654981182,1
14.352643994390277,95.35325975100271,68.07138800979985,4023.1448986678356,1
83.84388260322473,18.219316090020136,68.587457069669,6969.247089051106,1
84.3706729855168,24.530291742962895,84.20653628199364,4944.295200003702,0
62.92004170866656,96.46716724942199,47.593771027567826,5174.5045376496955,0
41.779260004455054,58.37861292763117,16.57765819235352,2750.9657145807632,0
81.9805028001205,11.277697102455132,34.62997464293119,4604.012690735797,0
59.921832230953044,33.18687988871763,98.20049168771352,4760.771470425801,1
84.33390776950147,50.494930684197364,63.66327177094319,7095.760965314446,0
66.83129133247186,72.36180199222909,73.87633763209183,9412.335991942527,1
80.59649258915175,75.98443403231197,10.662204666287309,3360.2806470767923,0
63.8706693895984,99.58793616329105,56.63851589642688,517.7846389548546,0
47.27269613940996,35.876007944538316,13.37757917786228,5013.321742456333,0
96.21512739335238,58.439809168162775,61.230719088230316,5490.167188276769,1
58.70024423909603,57.99911930736445,92.86937646724678,1767.561456205961,0
64.45805666864845,46.50807335025137,97.15772174503671,7628.59960213306,1
29.843887547327434,25.224570445817818,58.649740785003175,9850.798173570767,1
66.30857104845488,97.97109068654584,51.23843247269944,9463.169698383763,0
61.44468845346495,86.79854679999275,95.05153848236446,2051.3497843541563,1
26.635455815232245,54.84997254648135,70.62488487970256,8766.09607501753,0
15.362838761782935,64.29208804156269,15.840935158456851,7074.4870004756785,1
64.3923387743294,30.453494820369606,51.91530199007478,4593.080981688425,0
78.73230424152885,58.940836335257224,31.622051661787353,5452.048843814818,1
57.10612338298074,72.54731198093282,52.28238893038134,8511.041732326335,1
30.409536278768112,56.36503255479299,50.99190148057256,4853.335902419894,0
69.98697790237314,99.12566535264472,62.39303225332678,3794.7529541407557,0
17.2095153948642,65.02074906229535,42.109344131432614,4983.150180957259,0
49.76503343217591,43.387634133295215,24.784340451033525,5833.385059946986,0
24.703008255857817,79.49368248542542,55.334749113096066,1971.8687724056535,1
26.601314595389503,25.341626042347784,84.71825959111858,9018.986529643207,1
28.206455424238328,44.60642323356399,69.7611005260842,6774.450793413177,1
44.80363513395801,41.226305533982725,40.45310793326942,6369.36228164114,1
14.603518505835787,48.86263855969995,94.19707204829714,1085.0126391883175,0
45.801409683618836,80.36018433358537,92.0986814124264,6081.321987908659,1
56.05367024032308,53.575572894706674,28.84135594456889,1297.5105561610742,0
53.49648564696927,81.46130052393664,13.547582660832667,879.1069844344506,1
44.45056903627365,61.88400128258793,76.7177837515686,5320.377866859693,0
85.52319472636772,40.786249119179985,84.4849235214238,4087.5767870603004,0
23.07940231784537,82.89808693151252,97.10781093562197,5929.22167454661,0
55.51270694032366,31.446070349778243,90.08527546794797,983.299463766662,0
15.583727526089888,30.194468181981595,64.04812913857734,4366.732322187858,0
16.404011099011875,55.40526316493522,57.70471052911427,1830.388478947064,1
61.64792647093867,33.476432136588,12.505694613632766,9872.290850648755,0
60.94165823990389,10.81783314560947,32.199080216030005,5655.387103108226,1
89.02301615600112,68.34677745689214,51.36532765596338,6905.624923314586,1
60.208630809406586,55.99844393251582,66.5653510075211,3321.6409787578173,0
96.38119183643651,50.09660330438451,60.15266499865696,1037.9152563155071,1
14.382536355993679,97.02716631564839,76.83723907135214,9761.121541557013,1
18.820691630266694,61.40792655666223,35.17902377983368,2933.964450293514,1
13.965927541334326,87.7088420010446,60.845734688722594,4295.7010332183845,0
26.674916530018603,22.550521258464414,17.932801905171292,6533.652824855492,0
58.714309984751026,61.22858168164849,47.22989712248862,344.50324709250174,0
68.10149632846853,88.11816640578127,77.51447496591409,8121.565392121141,0
14.10266421538019,62.47951815519082,72.40607680861396,5412.124081283341,1
95.13738008610393,74.62127603143014,99.15784634549611,2854.3501519813394,1
85.7948838985343,43.483921103098666,35.01020133889804,709.9190543954455,1
36.69512339413838,18.320456533335992,54.837036925658126,1708.7343131969703,1
16.946877720382115,51.21102656143643,39.65773723965971,8960.835202649025,1
25.289836589715154,45.503145175497174,49.654280265325724,6891.639816965321,1
21.42499723794754,88.03541641410526,87.12551168824493,2574.027044205209,0
21.095540136905214,31.9595772117225,71.5788167669638,749.4475729557923,1
56.670551979916056,97.00608047815973,89.41970722128235,6937.091592627699,1
32.12626982440602,96.23243078240465,28.315999749869782,5766.836487080875,1
42.232574487623,32.28684787642948,88.60250060572942,4104.743292136527,0
99.05548000458901,41.324675992958845,15.378604676054598,3699.7533469816317,1
71.58828240328103,90.60001667864965,89.97393523934372,2246.461331698172,1
95.40826003423012,96.99599988064968,39.61664015146551,6729.151439721424,0
22.8300899529804,49.909519255243964,38.312887007265985,9709.613475159318,1
44.392552734931236,38.8897341076808,56.08797190287975,1839.580933784576,0
59.92586229541188,57.34846119263878,94.66211689509086,6011.454538153484,0
16.90822556998642,71.89922857291613,14.300322821326484,4299.432051885165,1
10.376869926516207,34.61270638374818,41.70078775636708,4522.218345272183,1
70.33909004172259,76.28258571571655,87.09147898150022,2616.0580732653625,0
67.76375651212918,14.649162140317692,45.644902969192,8268.83526904805,1
46.97099289996506,14.436504348797481,27.92412078373603,4904.030481057687,1
54.06796684288294,44.76589346309907,48.23147631982706,5479.717936762814,0
47.389870053288064,41.81258728546486,44.69972513425024,3117.133036693525,0
12.160454036039997,38.40698938304371,92.3874581320033,1899.9038101028025,1
40.18344455957162,54.1917786402019,78.57409381687874,950.5128432079229,0
25.937402985756087,38.86602240804141,55.46040001696057,7169.7794951566675,1
18.858177019123186,27.303212662128274,98.9533510049414,2042.7193887097706,1
96.10483905004148,37.85225941797408,51.874977814833095,6931.746006469098,1
63.94237525379491,97.74138455292115,15.24140477382477,3964.7268158648435,1
75.57906558129424,47.000207529536375,33.604688963348636,4216.1705297975495,0
38.38273689395058,50.02414991725022,49.24634321973814,4744.85721131844,1
45.383241654461365,61.8890490956026,24.12123617315081,3740.3142304626776,0
31.323159450705113,98.50066915728038,95.28086136916387,1096.1377745036418,1
18.72691038688823,31.74411487921867,79.01640080359958,3165.3549190281733,1
26.112847369742543,71.31538994791904,34.14584803849954,6670.97017086999,0
81.77626407668373,74.43862241875517,63.17240801661242,6691.265574541822,1
70.97912246653982,64.65919751137594,74.93042413986149,2933.620641675944,0
59.22359883869292,17.972050567297966,94.71510360161182,4655.016002921111,0
52.75808855800913,70.91850482448189,89.34718142578696,2015.127557318181,1
93.0190855290512,15.768523993255794,56.36730035243923,2182.683607145374,1
16.546145300080155,63.652838459490724,79.71873578137158,328.1661752254133,1
35.25407319141244,76.56230594995684,60.59302784448265,8977.790844086672,1
41.494406821364265,28.987290155795538,59.74335010409861,2185.9959842415715,0
80.41832309915091,85.74598067884966,20.32677625043727,2352.585381670987,1
99.32631581457743,12.731842497970383,21.352389221453684,2868.054183186805,1
31.660346328143774,85.94315772924755,57.65802535202117,1361.339909784747,1
88.68766007233725,51.42961455784886,34.1975390481106,6428.702543495492,1
84.75604843886121,29.582914593848002,11.893321221442177,843.9152364581071,1
30.219165787758996,22.040033049457122,75.0555283510191,1428.6040206308676,0
45.93993221793003,95.79764508241352,12.923793702114846,6483.091593241919,1
46.87055823632672,16.539902882304105,63.57491569936491,3462.640142766283,0
98.03986016739024,27.91840779423331,58.527441471458296,7108.683484341772,1
26.28027112410085,41.304011268974136,97.1933221520024,5618.504972234406,1
81.92421739943039,65.82113640650084,53.57918254128775,2634.6096133089795,1
40.07734427557989,59.032097674848856,15.724129274001761,6543.196709844347,0
75.77833111985443,21.307914317108256,59.65191710258155,1251.1094348995184,1
47.800990386609655,36.07551853643932,85.69865535544913,5410.462792492302,0
62.0523786804886,31.487659397742167,99.71643558532959,4427.766239945843,0
84.9350595993518,29.218856904130725,48.73088563201652,2751.9484698926635,1
82.37490084854957,47.002990283198834,38.826886824706826,6079.649477621051,0
87.97808651857301,73.36283073324913,91.5987967256799,8726.202564168796,1
15.365559281019312,29.570763899551235,27.211791616850924,9989.156527654459,1
72.28454977357703,43.00109917326833,65.3886023529634,6116.851410559902,0
22.59886390495866,45.1825684157046,46.514298176285294,4106.588155858784,1
47.42367112165699,97.88108764918691,13.697412845999976,2329.550292140396,1
59.372957354921965,95.9199721191162,41.2559626875128,2645.2512850116063,0
46.246553627214766,82.01238244768683,33.87056702524072,4846.60428368268,0
56.76505082227067,31.749302873726666,71.74820385491381,3736.0492426790215,0
99.68736779187573,16.12335826825027,95.39114479227263,9146.763773986948,0
22.169558234156924,38.52137239485623,34.1242468640774,3746.125129791524,0
70.7910440802783,34.01150944904478,83.03193452365136,3797.101452339811,0
45.64008697470537,55.53332201317545,14.982383524456857,3896.991673096372,1
21.970881901659588,79.99551190610137,58.43089090358318,8382.540082639814,0
24.286308703687858,87.24906449909722,16.349505733890513,6542.804376384328,0
95.43457956210553,86.03776768694577,94.06296920175754,6180.271618157038,1
89.16413470405858,42.3708005100761,78.97161525016512,3408.0159216002357,1
91.63377643735197,71.85109091146145,69.21549200841332,8197.25135064115,0
99.23794982446479,38.1550777771798,84.15067434621979,479.8022274214412,0
28.748385100766615,15.481498891166444,68.27678160131468,8720.89200614732,1
41.98954036276555,73.14087390426481,97.2049957456862,5176.224007959903,0
70.22971269323801,10.884479731280907,74.25621530782944,4042.677325147787,0
53.542228587458254,46.82643287126397,93.21927486240222,5021.956079105088,1
47.65505800405002,39.64413423718682,56.541870280957426,6707.413752284928,0
42.20301244020337,72.40397846669671,20.535797168367637,226.37772252718386,1
63.4402568749107,78.9620925484341,57.53599492807154,8728.363378936652,0
61.80340857760738,37.368517237415546,21.418554525678395,4522.721300582789,1
24.531205065781606,83.04643130003682,63.324413125876454,3495.368545030774,1
52.45658537665952,36.45250844544404,53.424375447489666,1468.6310997771652,1
59.81245985888649,50.16937239879051,66.03178580495035,4450.707206148577,0
61.325824485825144,75.43166743127206,10.904228294934843,5013.5954357153505,1
28.909647362111663,72.36282063023097,27.53564424898277,4096.10227548543,0
76.80442530270581,98.863162508098,54.21973887209178,6818.734928886281,1
12.267918533896268,30.26449217943387,95.54532054302214,4266.875634716337,1
41.934866998884644,69.60861221856241,44.52481363196426,9618.034020681076,1
80.21913836820701,64.87137174481997,48.19348234482712,6032.847426453559,0
60.75036289498621,92.3588609041027,74.322648010596,8094.031562953898,0
33.504618925977425,24.072592748038755,64.34134815575062,1182.6234407838406,1
72.54578074087429,77.66183472282397,36.90335350884999,4033.1838001644664,0
61.0651849740466,61.14417546418915,46.9734756010685,3434.7922443268117,0
81.66192485107484,34.71992828091149,29.59298189715092,5737.875642552259,0
76.1522667570841,52.69914227324567,96.94193132171877,8625.023848608114,1
64.90971298326112,40.0398937362818,21.757094340162375,875.548355843866,0
53.93599077797326,62.13820625096148,43.46531061097775,818.4905006426368,1
21.986391310077106,90.01005497331992,12.325507499801008,8518.145310760228,1
33.51997160968454,61.23744859709818,29.960154274019175,2207.2158517797384,1
47.71895256253767,66.85501764939256,80.24240245421394,6720.657219053156,0
63.93693583057498,56.68730624032385,28.10577090599915,5474.493510371971,1
56.23370696937744,14.604895580092832,17.205706227606903,8345.646589383572,0
35.93660733635765,30.95727011884848,52.70078618600709,1338.380207380395,0
10.581792201073949,54.28015564888745,10.897231126106664,1384.8513606538515,1
54.66152997107326,37.92117553702343,17.628953898369986,5612.501766755245,1
35.70633897060188,26.35872379850748,82.68632826066776,9469.148668247872,1
76.11474706394816,55.37195577265945,79.43260103736458,4208.477807870467,0
12.155163874343515,39.052881410306526,92.36249383644065,3336.72679252148,0
62.634503017521176,33.229687885607326,86.90638923196745,6106.224299659069,1
94.73268137554588,51.75868756963427,71.48580069158362,9311.441145395807,1
25.696834040034958,21.995583227395585,14.709957157059655,8385.585545161775,0
52.448454167553585,93.49711597678666,80.45637561879917,9955.287746258877,0
18.227979263542437,88.09318881273151,86.09597297565044,323.4289737035332,1
66.31137210352173,73.68585271664818,81.9173931194759,1217.295632656346,0
59.547851253660305,19.55924448296106,55.763113177722346,6133.730857329558,0
46.66289717915491,79.82895290227238,30.96116547845335,8223.706749405112,0
56.923931932636705,82.7161595298117,86.0796978119854,2923.918988836989,0
90.69171926221091,79.09881559429039,75.44465287661247,2468.189771538766,0
27.666487207996035,20.256929840731704,98.26850569499665,7891.060413873889,0
12.030806053481252,67.95171613609882,24.012333798033964,658.1803531469926,1
87.54983962291908,85.08923161744588,30.309812474684954,3756.8882110675927,0
61.94053741491158,61.961806109770095,29.061833489335243,5107.511303664064,1
90.15926099156582,68.17666377052801,81.32857908592031,5647.451876068202,1
63.72507010718553,51.252713148367555,26.821656680510635,7313.2900522484915,0
82.91449809637322,57.58365878956474,15.99938468409755,3612.9726619635167,1
48.67060270196332,13.09391725165527,99.87047259270658,6165.575012278611,1
77.48739381594419,67.50667197759562,12.233549030063422,5895.2166856304675,1
92.17373202008704,17.33024916020433,85.17196541429792,5521.399396472097,0
61.49106673499857,49.151313490620105,42.88301573955875,6440.7846021079,1
26.27066355061416,36.338958790066705,85.74539137820338,2668.5467935739553,0
34.19178535271784,59.08851551905418,59.91584420900305,938.0226604878269,1
27.87801192076652,22.007470197088637,91.1468106537724,1280.7895531934598,1
32.21713248361596,72.24790617759864,93.3573687773164,2323.3655882736207,1
37.57739044159327,81.55103832356234,10.81883631526984,5051.959561675574,1
59.96204080778696,24.701900476884084,16.787095839350943,8420.3832304056,0
62.91924665174495,19.388177861669394,32.53228566137699,7042.8040866750025,1
48.3849772517675,23.096393450862323,70.23838747271515,7911.501981600267,1
65.38787018387518,88.94148057086515,89.94449768603555,3574.6586768683046,0
17.341743305022934,57.53703355807205,51.39477561645665,4106.072042320647,0
17.900941335234396,52.05348964067523,64.62758046468389,3997.450671307067,0
25.46465143218926,19.604063719211887,26.964986751600502,1999.544525604565,1
56.62697482363103,68.46004060812656,82.44701504935168,706.044915621363,0
29.25952108284822,88.11996327055809,97.05953002181228,5950.0693189895455,0
35.49559631433196,84.53672823911077,34.17390396231377,9893.245165863802,0
46.028155255569466,66.34492380827211,54.53433564404917,1751.6140790076022,0
83.06795116093419,16.775084498650628,17.750449945573642,562.1797170028101,0
11.24759223215741,20.115732445841168,60.322299081667154,7817.363650056936,0
68.44409382129601,14.437808839884221,55.25050976620125,2600.6014661787694,1
70.19888779366168,33.17312948432224,22.999283573956983,8313.47367299399,0
81.87902023209729,22.209532044434,49.785959180626755,7068.973003641702,1
93.94776451542819,33.40432362271905,40.069418687790694,9462.168016802965,0
11.812406405436084,44.65522501470655,56.96477877746704,4148.379633991053,0
23.840533496189458,94.86845056640222,62.70889018859193,6653.501410561278,0
89.75541646503937,64.9338453803523,10.764602074648856,4702.06233005138,1
51.26667059683138,85.14764071146661,78.49053846545998,6342.828103354581,0
60.81315750401171,73.9316350641099,74.17128626755667,4551.029169476599,0
69.67244833508326,20.125281747396855,42.965774758586996,1967.459239598341,0
71.11599440460736,76.23283657365539,14.764234201193643,5128.1844184334705,0
93.85663629848574,34.7588993403212,77.94392858065453,5332.983594230679,1
99.72544756705027,67.51970622952356,95.96576444303192,8124.9780977755945,1
74.81417148378462,40.68657762786897,31.613643641981277,7381.654987356454,1
35.84990882846357,99.79050369381933,39.11721523633341,6671.537077020296,1
89.17771620649093,33.71963315471,26.543160053363344,1222.532245970468,1
14.429882308668544,35.12174236968427,61.92425110103557,7234.101277570779,0
30.79727675870466,93.76050300061584,23.935725518270946,5053.021047909696,0
90.76471457173434,12.21799641726904,42.05745491152415,8951.585407450977,0
33.05723629954194,72.70200890858771,72.73117125408368,9206.722247892374,1
29.858595365957363,75.27937516622903,60.410438470841356,646.0502469576761,0
22.43127638262225,85.27407196693594,44.781630789514175,8224.35144750934,1
87.32005818822249,97.69953795746278,47.82246416267877,473.2041651844391,0
55.0052433271978,97.80417272409872,60.58997943609066,3734.9792943807242,1
70.74038827487394,15.87490818098175,10.527825509844517,5468.769758648683,0
31.51597456675267,83.96553904776123,17.065888160824887,1566.1979064085617,0
78.22363789100949,68.16789402916432,89.31322609867105,7488.50674443386,0
78.40049904658886,68.2607920935782,17.00910901821617,182.71157130417185,0
38.13382224174701,21.55149339532253,73.61232365894546,1769.1305794969646,1
46.961436970925455,68.5168449801088,92.80343476981473,5849.888615549409,0
28.872124968718076,98.4234322541123,34.3615243871558,7172.436864169194,0
97.89049209906139,92.06367125855023,43.34422933535628,9174.76671666977,0
68.10423193525705,49.52175947243655,61.20292652602446,7084.416854152776,1
94.1089492643964,13.59531759574849,89.35380726747262,6750.614775523173,0
37.30469892662198,42.60641410001843,94.77150285343781,4003.977348871577,0
80.37018216972008,84.37512804404997,76.56069233001412,112.715812715334,0
78.92727794962678,73.13491913186493,17.795778476922465,1289.5766614826573,0
72.24900866798873,51.340929003456075,70.22387399813658,5392.089993084787,0
96.90750777401203,14.9591381642948,46.92733496853958,6783.785869859755,1
45.4199802495684,48.420525504097235,52.363089954195544,4232.738010574979,1
21.764559123078158,52.212244574609514,14.423355131065934,7333.722214131063,1
70.45379733196546,93.56999796047224,27.195592541172235,5266.43672378857,0
75.63788204294856,67.69774932239434,81.1462246780283,834.3443363836909,1
61.75545161129332,38.0487624989184,50.85629497430738,2000.9608845826933,0
28.613610382005664,57.27864380056492,37.1496017468034,8415.982410115035,0
55.40103475024198,15.944977703994407,44.56171665684624,7276.636191581951,0
38.09707629122165,97.53114120847631,86.89595619931121,8958.1436714237,0
48.471987535002015,42.40539117376534,77.40991156644613,1263.8167662972721,1
68.06967182601974,53.00806194218222,34.50838574629745,9903.203092689231,1
77.06932684217512,41.97555768132303,20.575165619113598,2173.1264681043426,1
30.90022218112088,71.42605571045802,32.67983994796646,216.6207752377559,0
46.4792824582258,69.60089424966338,92.86808059492603,9974.487096630186,1
34.224541389246625,74.37900794762221,62.34299540647798,2882.63146590662,1
27.87684524756822,34.13289066507288,58.01321878703046,6713.392579874343,0
80.50484979962546,38.41016330476594,63.67542397232154,1849.1549103454215,1
91.83274249932931,21.272610798658715,42.94254391718637,5844.262468771503,0
43.32089671161191,68.99589746615013,82.63963182875615,9049.946365900138,1
77.61510319363902,13.581741460208729,57.09576243702248,3269.793557541542,1
90.72957604279699,63.79141019711132,20.5073112491916,6735.514362839156,1
86.15117894772084,88.27262963664705,21.615861234615664,1960.2455291043234,0
26.453204968530333,90.17489334606702,58.31732318523565,6285.47444731538,1
96.06626933620252,50.41339843329655,94.29131962637553,3430.8584829933507,1
43.900879638651624,51.337331939176636,37.75169095085789,2190.9617600207216,1
40.531659505645266,16.927226470721564,88.25870519732965,3200.502301965988,1
15.61881945500023,70.36885228987322,78.76860279209914,1870.5265782272136,0
53.75562886943947,83.91334783355609,32.30311986162162,9028.96946759504,0
19.811225407683583,32.01895491442417,13.27066734846182,4032.1501745395753,1
32.36858388346834,47.91707934700282,19.166253862814447,2528.2651192462367,1
38.52483595905532,85.49554030887433,75.56445404626962,4539.237626057736,1
82.79436911425157,88.94084208960592,27.970276423658202,3273.308051384306,0
88.79397853563069,31.886198223780333,43.41438284548544,7469.750612751927,1
37.22196857153227,59.55135710872278,55.15292494057824,9715.077127666395,1
87.28283091201165,27.324383557224436,75.29213516051465,4436.533201306704,0
87.15078436328119,19.169088772560087,20.190810093321282,8624.230659725179,0
78.81858553463861,92.00084512527619,46.57297647497153,5702.044428240233,0
23.202560261366337,83.84567538088983,53.65656182284258,1656.6330844329113,1
72.12905622106561,78.40314116228565,58.67443575743857,6937.165146605282,0
95.05216581225119,14.388968693182637,83.6524577255695,5183.00152154562,0
71.42864308904413,85.93559134392318,25.45103755388952,6541.004580195824,1
39.845516419705056,49.423966831484535,82.70483066439601,8907.905384459484,0
55.052138568774815,40.81556109662736,72.3590584926987,4460.302249494856,1
68.11525390159483,59.18287249228388,60.02837327790634,9021.65846985182,1
55.951336785565324,18.221791845120023,72.95750833623147,7531.623241388384,0
20.795764755787282,78.09818944171589,47.081596505649074,4937.188766192049,1
38.08576401868186,62.41915691994663,22.455782737131212,6071.89914301384,0
82.21564274982693,26.793108718585078,69.91887162388306,3323.253211938213,0
87.52762414859657,26.940897979214103,57.220507601706004,9837.613267413864,0
22.357002944401323,26.58237864154068,67.54373204884979,6706.77651419892,1
95.71480771588521,15.130214879674059,40.419890292564105,534.083839716636,0
39.59403560637484,62.90186044345163,91.61799196058523,3333.556866905287,1
69.60823648576479,85.63133598296572,62.863288171801926,6270.8128942146695,1
77.6642631361013,11.574839258864975,17.686223586178645,657.6994502124741,1
83.07516111740951,14.41041804741462,50.48235916339858,336.4534940595134,0
95.1174732003337,61.54932490182512,78.07204492692709,4555.239971325245,1
38.162759322594034,83.75461168474472,81.47211055590451,3393.632778957433,1
87.26558090963991,39.40650015117703,54.51373474873829,4439.156219528342,0
21.851821309258632,41.465295892694996,90.5272813748171,2700.663767812051,0
73.45368157182335,63.671184774709836,34.090159347486775,1730.705694735511,1
76.77799565625872,34.67916002117323,46.95388275144399,6922.5192341053435,1
70.99509170811885,12.394752946991572,90.8737219512073,5194.254051051225,0
32.70832625216377,76.17056662914365,90.6631044824421,2081.526691368732,1
88.5738832313683,66.30849216473078,71.71414919422128,3263.9353199739835,1
25.19726170333555,62.26803991500932,87.30824924099981,5958.898285866927,1
14.827131236874775,76.75157160926408,17.989594026060942,815.0705478975307,1
74.5718491550721,70.77077538058337,87.84954785869986,1559.7847917351776,0
52.79281437094603,28.529378936048904,38.85579158952041,825.1314806631622,1
86.41882179628085,41.72329422490161,26.049836118539467,8141.941593869777,0
44.505742695243306,21.34991275107625,31.54328527078417,7548.8514087988915,1
25.145072965694155,21.68713120760929,47.61716572124983,7557.798025604645,0
85.27979732228827,70.85761717208854,32.607280414402055,7191.620900412678,1
59.40186684760645,87.27400962842484,38.851082741484916,6726.915694331705,0
27.027621315131938,96.64593254750251,22.14806374644779,4822.219962243932,1
74.83455987278012,66.55124057945,36.65590890030987,6458.553818720438,0
56.00022746405505,26.569119102486127,61.505543308780105,479.779392400949,1
64.38816840162877,19.508531090403764,49.766833728195756,6252.497784302167,1
51.48085043859237,83.15658743830821,41.20468851123201,7800.989284815084,0
84.58380854362058,62.08808287239994,77.18069159714025,5053.547767805463,0
84.6606444114745,65.64565189123479,90.41589742539861,3639.3819514296456,0
73.84499396419477,80.33158798792383,78.11103006121573,2846.524674529693,0
19.486123965681607,73.29495049592065,39.88006319059113,6463.740296604617,0
85.4968475713662,85.1012427570487,76.99979510537983,6958.731866436096,1
70.39116824796189,15.059251491389062,23.678216422664608,8722.579238639171,0
72.73217494038695,77.27685730718544,21.728618928216182,3489.107416363808,0
42.66845563634845,86.5767481589886,41.1064333332543,7720.745843117297,1
89.13516005413061,35.752153821248285,82.69321321396514,5657.422659474446,0
75.28344402113717,67.64025465939275,32.17134225180717,8840.081257712984,0
20.133141987627504,38.274585745327485,15.692806800881163,5325.339872126646,0
46.70002309655464,96.21739598342086,21.853858168571957,5224.535301139876,1
89.77423257641276,13.008121519195338,87.28704716766221,5820.983106265,0
14.24770315276411,62.18135594496595,67.0404956272559,7518.222015910101,1
96.52749576778446,24.98531923445636,32.788104703297904,9650.435740401763,1
71.12463114876064,74.09981846594428,59.97662427953632,828.27720673608,0
66.82383798790389,25.83012550767959,57.48216601828153,629.0025636710699,1
34.350333083919224,31.18449357085218,68.98923805965951,9381.748340332651,0
32.391260986525936,54.493372994118225,30.986879897945467,5345.76869263024,0
94.7852397539736,92.33514549971903,87.7962688474958,6187.539844212667,0
36.84452088107105,29.054293493317374,37.84317058720116,4875.993655787815,0
79.79547670470994,22.981601900629315,72.47184885786132,1027.2087808139975,0
45.38096183863713,78.30791486686276,11.45121817349934,7704.084846344798,1
22.53286637062336,55.055757910053785,43.53914169047325,7497.52398637701,1
10.964376792582305,92.06066011435942,41.653883616292745,3185.862882778839,1
58.983160331372574,23.195310144385807,58.9135985724713,3131.768527761164,1
97.82009366940395,68.13351037207354,16.546263559947683,8394.629670964634,0
43.2222574428284,30.959123153663352,81.11182363534975,816.3368516391336,0
42.147310059374036,24.108438578647537,29.600272159081168,8822.940968730001,1
40.968245606449784,71.50864736415434,70.93340333938092,2640.950729969553,0
56.84894535743726,63.43161579178599,82.28909109196839,5970.549002779389,1
49.65983950818642,77.93447125260981,60.56892606173618,9366.342372117599,1
89.1923164054313,37.85163188015641,76.6794886049787,6813.4127652128,1
55.49687125511413,50.317449074397096,69.5674280993505,4202.855143423662,1
55.69820543697119,46.49245086973766,41.99768174368069,6926.38866816361,0
22.453443524850094,98.56805175698628,82.79726851302088,3505.398399532065,0
98.44655868193473,36.30240610654491,36.52312328969752,2844.858321856943,1
32.497560178194675,36.53355145120902,61.409162597636545,9967.16445155333,1
16.60276607136424,41.909338794574666,77.08579652273856,7532.823288679899,1
69.68316240776879,60.813467316128936,44.10603188312568,6482.727776079994,1
63.58297331411854,32.70904698373707,37.249084685568256,3617.367467871256,1
47.363108859347115,92.37609463413465,51.34114091555404,586.6922086349767,0
47.997301049261026,33.911700837963714,83.61671449142382,407.46307274804053,1
80.6557528941788,90.62341584041752,93.69295868310984,5586.394428943108,1
27.614137608968417,19.31275572819262,59.05750715739011,7644.123938286605,0
83.82279870504007,69.09064321596871,69.53195847912866,5420.0539853941655,0
68.38724025055163,91.62869665944193,91.29462600150228,8423.772212197235,0
47.707279640157196,25.187449455840657,18.869216627164818,430.9226776228942,0
51.222575492548174,97.14942640893295,30.887072007954853,3730.845556616807,0
33.09824864674862,50.75950243739605,73.80100056264243,2446.996872624363,0
77.69028994272773,95.1143597596922,84.13700157210697,4528.0023847555085,0
56.158726807474096,70.91380392670423,87.13261254975201,816.5262926218126,0
38.87690884748592,37.14281828861964,47.35964591694393,9545.903251553618,0
63.644510418485524,26.947227242539576,18.040591206268015,2310.228470586673,1
99.61610068461907,37.33615416025894,49.40033295696579,9230.846977287489,0
49.173605169089846,18.37156683364075,30.76611311863484,4316.342234863149,1
92.86222607007576,22.94811697089968,36.207680949696176,9856.688919226659,1
41.05151559321095,19.4194396311833,79.50408011537553,5585.177996256087,1
14.92594362324873,48.0649189367402,16.79743774232982,9315.245355340494,1
28.3817895731586,81.60205386318277,84.4823095732632,152.95498807280617,1
47.68256289949158,22.724519879470616,48.49021772417522,7507.564181190911,1
29.767143573511213,21.72883898551023,63.64575379905356,9040.201465714903,1
10.020433439642998,67.90860545655977,18.06870081121111,1483.2336130916453,1
92.35013839727745,27.746468377125964,40.36231705215516,1051.6459321482998,0
85.9491470107836,18.784903429809244,18.07308271133612,4303.26881114096,1
76.80630083382525,25.016372038501988,96.53893505929986,9343.421170716058,1
25.103313608142578,93.13582562890986,82.65354843936254,5469.626945885344,1
20.832721858898744,83.93241274985718,51.36694789208142,5321.818990845149,1
16.084427452514483,41.865810611958466,30.1242293491304,1497.1485711632865,0
75.16262698956291,69.02386905946535,94.0109594724867,107.81615982286598,1
93.59271646190967,58.354810630123424,41.01369361542746,8120.386898380066,0
48.74822388217333,70.94118371343075,24.488598851863728,966.9881735637584,0
20.722660479644333,71.44040372164834,60.68479496085594,6375.113205479707,1
56.11535386588959,66.58606135539937,94.93967083103345,9154.702899700396,1
41.39487167127671,33.94912316835777,10.344726145029032,2165.653940268467,0
43.73424319149979,13.51057786865363,31.43123589285989,6686.201078745417,1
65.91975617401366,51.00101037910979,94.46028763693668,879.1159094043437,1
74.68463019359821,90.18764962216335,25.397737017144586,6077.175923992369,0
19.954323898584477,61.254753266671834,20.19191064758379,1722.924037436707,0
13.203120772582874,84.9151937531717,61.316849421982404,7385.940249100262,1
99.48972724171433,99.24619086651053,87.5659440965347,3082.189818459691,1
30.945551402399666,24.725458372444862,52.93988359245335,4687.570987165997,1
14.844747241761317,72.2599875227784,99.51078310160723,6034.362366073455,0
27.0887796186328,70.68642163300223,71.12545295841934,1795.6067655957718,1
13.506206171361779,98.19599026224506,16.666741648940295,7442.214404314447,0
45.26298051554545,98.70406605575204,99.35489185137779,3096.139372304464,0
82.21616060061919,71.80107505517165,46.71048131021714,6657.48141313626,1
40.71200047819485,31.925331278397483,35.866228046093426,1667.0022019237992,0
49.97650661905299,81.87002543175392,60.209126522009704,6912.364826142868,1
70.80280962106949,19.63262207899343,37.38768326387779,1369.0619208235712,1
55.800466306289216,80.26293737544658,17.781175640813707,4311.029313072838,0
87.53011174191919,91.91765117302268,10.128550877125905,2547.3401300148803,1
87.94321075411808,44.45500552915917,50.46250176282361,7508.914969339007,0
10.891962594203829,66.75717654847725,85.31770800039331,2694.146544618058,0
80.02416758348792,48.71284588871437,61.50836670670689,8829.001333314423,1
51.46602402175065,49.39885494893156,99.92865690490967,8929.020092925468,1
98.99564871732967,37.933380019730805,35.816198108248,2044.76902070558,1
53.490886828789165,78.59166584052922,35.24095582840498,6177.07485557647,1
98.82063508494677,94.25589077498546,24.377451421054978,968.4046530276468,0
77.9112425085163,94.6675773311015,24.765722943880167,3976.217286056129,0
32.37443961519757,25.730315638744045,35.6667936409043,7161.885122062596,0
58.45554813582619,88.72692846909095,81.35560407461745,6628.290143814171,1
99.29220755307244,76.36882972844099,91.5181111572803,6284.536627125419,0
87.17775469767314,32.75536606212603,97.75784527369132,2897.154550258191,0
18.7630204412099,16.05561516293631,30.906068868680737,3842.44699940058,1
73.57347971289965,34.11975401959402,89.31677910526825,1119.1668325328333,1
41.10216272837317,92.0987413103373,39.542958034960336,7218.32592229265,1
10.628403569231331,66.98608074061951,20.155649006519596,5088.499088233608,0
46.31328721242996,74.89491948080847,88.30224329681491,7116.779760221981,1
31.127897955247416,33.14371159981863,67.24950711792567,2564.5408954890404,0
83.69823434684244,74.74493400173382,24.825780647295556,3311.9384634871553,0
40.35975479611889,12.530935565013138,48.68481317617023,3408.731838875135,0
84.47713245584353,43.778921119571244,35.853192538936085,354.8498564974404,0
10.053814495131578,66.4078013688098,76.31151118391773,3476.3739410231733,0
37.70372350235073,23.14869089871882,50.80746075618413,8052.715277828532,1
31.704869287698575,84.07032170022413,99.03519505957465,8983.255107922412,0
31.021062496174988,31.15281689307268,14.92704840336356,5230.361324795682,1
16.136795778891642,68.70530015366016,41.9513739522622,4609.466782670281,0
26.841184336945155,46.467742831779674,53.37101503989797,405.1637251237655,0
