pending_pods,node_capacity,resource_requests,autoscaler_latency,scheduling_issue
46,75.33440764041285,31.993050567493608,3.6521695513398535,1
11,63.437347264488416,57.505952038628536,3.755866209648108,1
35,76.47892082571252,34.773207799988484,5.030705349557333,0
11,94.13072138319272,87.80405820359113,0.7731468688265453,1
17,97.22189811774967,64.65921330319534,6.8230546286706115,0
48,55.027847718652474,10.021660276861205,3.5150754400930206,0
47,63.59229669921012,82.49263612118423,2.247587779386886,1
42,98.95669587588625,39.719110305353134,2.783270704986389,1
33,63.520920520112185,38.81871857394614,1.8029428528621783,1
47,84.63536755717206,44.475653092102064,9.015680855277886,1
32,62.672684693518235,66.72362752756726,1.6903751636255104,0
48,67.81827966605191,49.785463935480074,8.829261188948626,1
17,59.56394939484487,66.57719919127322,5.722433959684513,0
28,92.81500968485726,23.21026494722131,8.674509553888601,0
44,94.1324381909752,97.31480180716773,4.740642169055121,1
4,64.84562539577158,75.66456583754776,9.276337194810736,0
24,91.1794912085315,32.51863964605447,2.114907436083502,1
23,67.9120825018492,75.17529172672982,5.546917528472745,1
28,54.950971144757915,61.752291063547545,1.2583869051366914,0
37,87.90381986460366,19.82700967631632,4.472202852023644,0
32,79.82231244494224,26.03767841093135,5.699036966468424,0
9,63.71912218353752,13.717732772931832,6.0567522217317205,1
36,62.64998702559235,82.8314264507213,3.6552879690727913,1
32,98.78116852411605,59.65342773357115,0.7633564216645283,0
22,93.12505204465457,38.50737837851907,6.553260713826527,1
10,90.48991646868824,21.371041182538,4.884318604532778,1
23,56.40088543208328,53.56412883643413,1.368788666372569,0
23,87.75936371241303,57.27352120461449,9.358759694060996,1
6,60.72701106016433,73.17536508824548,9.556686621834432,0
49,98.86944716041204,97.29434894023824,8.56606279831369,0
20,52.60445939811289,49.14509773666372,8.438683005175974,0
19,67.60692417801218,46.543078593493235,0.9867127586805613,1
9,71.43239203893576,43.293700413111026,9.934201095825678,0
24,91.21014557811273,84.42315180701749,4.003806798637316,0
46,88.3111409002023,24.068549925931407,1.6312111586711353,0
35,68.74960724732948,40.94316132715805,8.121017282172211,0
47,78.27801467290205,75.24737243878518,2.2573076846305784,1
46,91.77975818038652,11.412544180820184,5.261753206695915,0
14,50.909979607552636,36.04426512451252,1.2801606520343634,1
43,90.10890497622361,67.73024464792388,4.746457232758885,0
39,97.3448012671021,26.735688820072422,5.581414934029423,1
39,51.60322607420856,37.2439512211844,4.4592395995134275,1
49,52.27904935390913,53.74405670349063,0.69486824752653,1
5,67.225700278301,47.982120937271844,4.849390305827633,1
36,54.38847818838373,19.542447095984095,4.689428434408159,0
1,73.9638040146944,94.44117900300694,2.616202772906738,0
11,86.43553425448894,13.98634485238835,9.216015996574365,1
3,78.34496175159089,77.47684807805362,4.177923326982561,1
22,59.821595453637016,16.428049398204173,8.64115796196385,1
12,82.7405650015179,52.056622272257144,1.096638296334419,0
16,84.24272395894579,25.787016248986994,3.188772842061814,1
30,96.62229778425073,22.698801678603274,1.7633085376804003,1
15,57.33984486885245,21.330817888755256,4.084107878481925,0
40,84.61680824548617,50.750797302580814,1.116366871708786,0
25,95.57136094265738,56.393641844856305,4.410348058456205,0
27,75.07820766603172,22.00460441885559,3.5387074344823635,0
0,68.08998399315283,98.14561572396155,2.2331504727400517,0
46,58.53747471105791,33.19892981760008,6.421794119503151,0
11,93.33934432448788,51.29572056425049,9.50911488147832,1
36,69.71231874202972,29.46426018417172,2.0711347354958685,1
49,96.24412216338462,54.4530380904591,7.117908398984504,0
19,92.38791490653881,78.04149242186638,7.423808892567429,1
1,68.8319925898598,56.89918128650457,4.981205164258624,0
35,78.69571544731312,35.70839836462497,8.97668346100567,1
14,51.358701814696076,32.35569478605443,9.663900660648402,0
37,63.16107014335674,78.30409656043481,3.622464520538494,0
21,85.51364242846248,20.641435815363693,6.510332980031875,1
43,83.89554729231334,43.29698449652825,6.622126179001122,1
49,67.66847297708755,23.633444498849684,4.036355262525046,0
31,90.43040159547283,33.21782463650337,3.167910744946142,0
19,61.791802594993555,23.7414909236457,9.337441982278134,0
35,73.06352665761358,89.8095257688184,7.899815493126753,0
32,73.62653176554504,75.87137791117287,1.1446456597454413,0
14,67.04083844350086,60.48345214398352,1.19884071584887,0
49,97.73330505625836,30.198270024597978,9.225427688528265,1
45,84.83420167575507,55.92041444792754,0.8140976502692443,1
2,76.95996676636508,56.87498858028151,6.884213462431658,1
28,75.52575466943243,63.13633530885156,2.2675824694441173,1
46,57.964804623554826,15.40766415004583,0.35185342741618664,1
26,68.6093448534049,97.56117740770357,0.596375460800902,0
4,83.63866573645538,51.889507354029085,3.735221036795621,0
30,96.22851098433668,93.38785966891929,0.7758845168936468,1
21,90.82320296959193,10.882730324257873,5.96639199933454,0
34,65.01949019799856,32.2802556071778,6.472545113740757,1
6,71.69783128449666,19.359601328200206,3.7346857198304892,1
5,54.14587603563973,79.26545596192945,7.428780757183508,0
25,55.10861615177904,38.81125446352401,4.900425201695773,0
0,73.51151934993575,85.64432575741722,4.302285034020821,1
18,76.51097034085501,84.91468291442713,4.069880887901251,1
6,63.2013547848457,70.10153135259128,4.311064873455374,1
35,82.13913445929705,69.92036231895794,9.678876499344186,1
11,85.1690342790069,73.01437228658216,6.814070600384376,0
19,64.95580658059788,70.6387451166797,3.152098471611,1
22,87.92123628537709,44.821752191591415,7.338598702055653,0
24,60.28024595195667,71.45448801116913,3.3026738832291604,1
29,77.2125688637787,90.76662722731227,1.257149077846762,1
28,90.21405467810865,39.931614268896126,4.753603574556491,0
30,76.85045428412776,95.04001235934582,7.510238591384141,0
17,95.39813592605253,11.222342910889276,3.776599108873212,0
40,52.925061643731794,41.417428443871344,8.691741420473429,0
18,79.41569227457359,21.88885615558662,3.8695270408775984,0
3,78.08777262721951,21.395784614052133,3.498390255067317,1
0,83.01766642713423,83.38865446104114,9.982439138632666,1
40,91.67034193401538,92.65314832751106,4.824720229900654,1
14,86.29265421691974,79.9982428809687,8.052212097135062,0
7,89.51413676864209,97.89541470933038,8.049880560599226,0
14,64.44083628588108,29.469607314964364,9.263693370991794,0
14,69.37486892844822,22.671992098872142,0.8489505445030365,1
49,81.33884870231151,56.863340383565216,2.712202764268423,0
38,77.67307359624677,84.61338532683561,7.67748091546434,1
21,98.05519374852682,13.585518175425372,5.626014923985649,1
17,59.34172499672097,99.60090948998938,5.596149423545339,1
15,67.56391862255708,64.20213362847906,1.662153018702408,0
1,78.63776166424273,98.10476309632396,2.811530141139298,1
35,93.39818849680759,42.857346991039925,5.213340857167345,1
19,96.46742623454958,51.22214384802303,2.771813646746212,1
15,66.80181654137994,77.7125298157653,2.1028279269871506,0
2,53.35542307631758,81.34304055051868,0.8775605576999612,1
29,71.08098489610926,30.972974801521623,1.5572601192334556,0
1,69.71720716167536,93.68209776769504,7.6886776249197295,0
34,99.32435339648447,88.06808096512557,7.187791805847155,1
25,71.55306221453947,11.638477279287871,0.458336843487116,1
4,65.28614996516147,21.571129526966477,2.03284085344111,0
1,68.2688687267467,54.64873957663607,5.604553467327163,1
19,69.8463140311907,51.48599627018644,3.2262784423677315,0
33,91.0770191098308,73.75517695313519,8.232496026795305,0
33,54.050744641563206,18.074023844773063,7.849893076621469,0
19,65.82535244375133,68.03697760274139,8.915805579581095,1
49,98.31592459535497,65.47329380211241,5.629312315051159,0
24,57.65512523994,31.025763863023993,3.520764798090985,0
19,87.1300660766295,58.815456784155955,6.060646961849177,1
24,67.81967505991452,29.998648629638375,0.891366797454578,1
13,79.08927630972627,23.22307243905457,0.09586017741467612,0
46,54.9774019254441,61.582144118866346,0.17093520120355365,0
43,65.32058336769732,97.97268504705133,4.075429379342161,0
42,75.0432470830444,31.324001425457052,2.2807759410306327,1
42,61.58503290879292,41.98025344196367,1.573377058000477,0
38,77.0934971526576,33.0915903391042,6.153260156181704,0
11,60.987965703135814,33.98138394818453,9.950950426131811,1
47,82.50502763252769,46.37729207680126,1.7775320361553637,1
4,95.21771701251572,73.16699595855582,5.464214242139388,0
1,54.27443186757857,13.492407162785064,1.1972751399989379,1
15,60.830801788804315,96.14117761170041,9.34236441072139,0
29,92.2211513630165,14.165189154032275,2.9175516857058503,0
46,81.57767427209788,89.31278637501038,8.783398200433783,1
42,53.93544585712826,90.4940288885799,2.8307643925037684,0
37,74.31750575547477,57.2040268832371,8.060524801867196,0
44,60.48792575056675,22.329714575707072,2.093813334457727,1
41,59.95481970350349,60.863137350124944,2.927894301534444,0
23,97.03226716802618,66.57689439125647,1.9247536540363397,1
29,88.07707740380545,87.19830620264001,2.6425987784965566,0
36,84.81152967620719,59.58058381926127,8.348657553333153,1
38,61.94644085389293,46.96384563130044,6.390324975466974,1
10,55.92867165204753,85.44620744687025,4.05879668837224,1
13,93.5416310642675,98.28566176173571,9.715210270821563,1
22,50.29397846712255,68.059288464214,4.648615271295737,1
15,69.40482118505098,88.69483335725286,9.697599712588513,1
49,63.88062514806668,63.88616015461578,1.9658692291086022,0
20,78.51881001744118,72.0809192269275,9.046384271149494,0
3,62.52542179429174,71.93504057940268,0.13822204097494684,1
32,65.5602679664154,73.43082881562387,5.453032023657575,0
46,92.50199274965968,38.891209953577025,4.230523942920148,1
13,80.15944117022593,61.80952566445411,5.250878454719793,1
18,57.28412636646842,63.47220255764159,5.53444831947699,0
4,86.32357717479158,38.356446404190876,3.890313540677109,1
35,60.37296007399392,41.486713093329726,9.981978468860952,0
30,71.65024650562401,78.60220885150433,9.765071903006259,1
44,82.33036184196467,62.44514565555242,9.617453767045951,1
17,63.59647687287436,23.429003316685172,9.790850473765879,0
43,69.20534073378961,85.38732898145851,7.930123987693985,1
30,86.70747986520755,89.48028583668878,9.88590479026332,1
29,96.89554767121717,51.95270331620327,8.923602252751419,1
20,76.46225284797364,28.801668882063424,4.159326370324211,0
46,50.49854857783114,95.28458458644147,7.847771083834077,0
29,66.92318756209153,89.40426080676187,9.120678451256257,0
40,69.93171674227672,31.994357170765465,7.126060735870925,0
3,66.95868100011221,18.603436267242767,4.227823405656039,0
4,71.81344305577814,49.65882467941961,0.6579024201642525,1
40,81.63331269091998,70.87572878443656,8.096969370605876,0
44,56.05640134988766,25.784972669794964,9.527428731264703,0
9,63.631525443375274,56.189139258857324,3.624632602299264,1
26,75.38240430088123,48.2873944845265,1.5190605098893961,1
15,65.77866540899876,90.14960338925191,3.2650383947055572,0
29,99.55426690676796,48.660996952641575,5.826223581782463,1
12,71.5715733518744,58.03987543615339,3.169290032822362,1
35,93.48995767961081,95.975757640164,6.106187301963539,1
20,94.82549178069323,36.972258928710815,9.668522322446305,0
44,91.8003499861175,36.00918387477472,6.7073449330768256,1
39,52.34491204725839,81.96355719478385,3.6265936628562168,1
44,97.38733658066758,34.97850875295718,9.35752971471535,0
14,56.43712810665885,84.86792830658845,5.656352687011439,1
19,51.720181385714724,18.598204842548046,1.2837239853256666,1
19,70.71848039532787,20.013512257852156,4.989810051937615,0
44,59.731701637892805,91.11910367464945,6.536364449100499,0
4,59.209826483161805,58.67310542341917,8.382543658167386,0
31,64.39098066880753,74.69328400248149,9.364767867076473,1
5,62.42028026234274,30.276000267628987,3.174161337163852,0
29,84.23977010750765,24.964693154389746,1.555123640790368,0
25,59.338865331803504,85.14588360093761,0.7382864219388241,1
36,77.15591525986292,42.27610663209239,7.3835460270828275,1
12,99.32132730717649,50.9529357209795,7.9515825271543195,1
28,71.61912104781445,12.517470754782309,4.093731269281669,1
4,82.09365543977182,44.72926607736698,3.9592540717362903,1
24,98.46858388649369,79.33940273124806,9.54237031654632,0
12,56.881949902068214,83.91476595575524,9.166813250803274,0
23,70.93035046465246,72.88793099942876,2.332659019170432,0
30,92.5096200097627,72.29617601893679,7.808076477498073,1
19,96.61528413724399,55.56153399374421,6.2270039623294,0
7,80.06180289794526,58.44963963338407,1.542227391196399,1
8,57.17103012701117,76.83685721318291,3.5677104708656038,1
20,95.07357919738274,32.257161894495056,1.7747294130748248,0
19,58.72232830954713,30.83653614214504,2.951560388218386,0
14,67.64389241660592,95.49323415226492,6.153011757733516,1
25,68.77539888811309,12.492089808289784,3.7526547104343964,1
41,72.3645769936314,22.551891729866337,3.940595198358572,0
10,89.50829079654747,61.32991835811232,5.3964729261718976,0
36,90.10721890512423,76.40513548285136,0.8722413884172275,1
40,85.98275366390571,58.410197468651056,7.387972898494148,1
10,51.10643372107908,41.955759654839575,4.0170953341334,1
26,78.24225511085757,98.01785074176708,4.803970882023202,1
29,87.37464779407,73.34674166195612,9.742997288546317,0
18,72.23126200307715,84.82517569603712,3.44366888318254,0
33,97.24680226826982,13.622218676938365,6.482189359739254,1
37,91.19052609401754,31.232809942604533,3.925043172958107,1
22,81.90775327434153,43.67539842324221,8.942827186836782,0
0,53.12125918412567,26.434125827405023,8.467562669950395,1
2,82.61731237915691,16.560934543823247,2.4162427176238435,1
2,95.57898006261095,30.25824981352122,6.917457126109006,1
27,68.97226934404758,58.02720681133383,0.6517199589720701,1
13,91.90662628026806,72.61707235210346,9.631853895298901,1
29,65.65805714310895,79.66188306685729,3.4899010801415753,1
4,78.50516457736514,13.864253938094535,8.31842772584767,0
48,82.42122091853912,48.518755499133206,3.1843136607730993,1
14,83.89975187794474,20.99904252268306,6.327707411968721,0
37,94.1274657232174,48.80803478002046,9.835907919843317,0
13,61.731113350314104,49.05782642082656,8.767498631316302,0
13,63.11847926444874,54.839051804101935,1.603659099049074,1
48,85.20204966553683,90.35475636369155,5.474884331494713,1
7,58.8596906242019,82.45859523616805,3.485317821146902,1
7,73.21352024819802,67.30487606227527,4.343388516482918,0
18,51.00171920386076,89.68665906401776,3.351831292187686,0
31,57.0489668495057,71.0621754854161,3.3595924819551315,1
30,83.94231925144308,83.69694646867677,5.425532437766114,1
28,87.3730801740877,60.740047088571394,1.919640091231526,0
40,55.765951661893844,57.26964264678106,5.373954252333647,0
10,61.385477520559846,75.16875184951462,2.7896543719830094,0
44,54.94522232685256,11.772038077817598,2.889829042417996,1
12,71.67064219625584,72.1339814468281,7.387480290356228,0
26,56.30580353723166,94.10663965639282,0.2959360355993579,0
18,71.8648008583445,74.25478718440786,3.809457626738071,0
25,86.60491279005657,13.311435186749666,4.075343801536451,1
36,84.16943165717088,44.00970766954515,4.851101397181727,1
47,64.02302434259227,82.86231720441575,6.690110247295387,1
8,83.68812746234661,96.2747695039978,3.6968678273708653,0
27,96.38560654497886,43.31470200727395,2.1313710430645507,0
31,67.37621935424578,85.70746502892173,8.848728405463087,0
2,66.45595768488033,87.74288877713617,9.810386266812118,0
31,78.57193257410087,21.0957759393445,0.20014693172932807,1
4,62.275090551373594,86.12096200468186,5.464668510006979,0
7,82.57894639901261,39.18249060747536,3.417023791091982,0
13,91.61308853362405,63.39139494088756,2.7698957538720927,1
2,72.9659252549316,58.50659074207789,3.357063908699355,0
23,83.97536624641913,69.67484773625085,6.388777564262006,0
12,82.59427119414977,76.64181858502572,1.907160102297949,0
42,51.933278092379474,49.67929878567221,9.128607116579502,1
28,59.17081475878882,89.94797399342191,4.6611452493947585,0
7,94.6765000909065,82.85485794054051,3.255768331493284,1
41,96.94460736825097,80.68789833830738,7.65531331547599,0
30,89.02198199555886,51.24221577408626,0.1634666523619266,1
25,96.06240741638473,13.381559726014913,4.3185286573803685,1
17,65.30743254592873,54.303076574105,3.553036010012299,1
17,62.38554858895235,90.86009807297647,3.3820990998973444,0
6,69.215009378026,27.1405140046767,3.370713620905832,0
47,52.767099927522644,98.43332248095291,0.31271377747267404,1
37,90.4935809520664,82.69215580118542,1.5211640300883977,1
47,99.20877425575387,73.88468130538584,1.418851593124144,0
15,91.2014646218305,70.94439621300887,9.88610504819522,1
32,77.74876674262741,62.832329374038636,0.2216575589061176,0
2,64.76409852414749,74.86032909242188,1.6707365635199822,0
37,59.884894427179034,47.971500059738844,9.741745086586969,1
3,68.20314358983299,86.07592972181168,6.282565938100043,1
35,83.34847647741032,72.67113604857528,4.506671206067313,0
3,72.35307777704118,79.41278011415942,0.7876093304636989,0
41,96.7029910042243,81.32386799493815,6.696611616328767,0
8,92.71101714828663,18.28630411380123,1.3780298768126786,1
39,55.120030798144946,15.007669541896414,6.711861221591816,0
16,56.5762611942855,82.08872816362623,9.791764972000584,1
16,83.81195926500554,33.34456189344216,5.319726586169527,1
32,61.538419499017714,62.37728267606328,2.1408465450266077,0
19,89.55149385058756,49.93397696970876,6.252837508795982,1
13,79.56790711631766,11.983528330087081,5.129296877912829,1
21,61.4915263866675,13.625313234964434,5.331402636106461,1
26,73.93433987402956,84.44127180509162,4.7810694611999685,1
42,70.30381461835167,64.69098053398514,6.737405742435558,0
2,93.65796795947023,57.14587708631604,5.71945362407002,0
23,51.60812374885251,94.99168751245752,9.869950774543728,1
29,94.7921945233395,25.58035233359604,8.258634210423189,1
7,82.60413414398717,33.21737556929187,2.6469837771100657,1
21,86.87690937741894,78.10651704120646,7.257565219049736,1
24,50.13037316963169,79.77117051621364,2.1430034938473455,1
9,81.41197170186162,46.4407476795248,7.823464080813912,0
48,79.4243081855513,95.5880591179384,1.4755763997734217,0
28,76.860277819315,94.44291199436536,4.7355383354723815,0
39,89.29334283529425,11.116874355414359,7.906061983060746,0
0,77.79355481982526,25.509511210665252,2.8011270230656535,1
20,92.85485947799287,83.81974975154841,8.371191251316631,1
38,61.63157432048192,40.16950163434075,6.441507090339719,0
23,90.29912944858499,18.591641082984555,3.9752232910721585,0
8,58.96563864124029,80.64992569812252,4.234167093062719,0
43,90.655889598449,50.91251550176885,9.259915339198553,1
25,97.02317594142838,54.316970804383466,2.1779100001237928,1
8,66.78470711551921,26.773244993455414,6.933626151747102,1
19,76.49431569900943,69.48055485450351,7.0729420574153545,0
34,82.91645114615739,59.61171863103559,9.224496931836367,0
35,53.97358329272473,28.600564401016822,7.1316426875734065,1
41,74.70403591020602,40.62983575952861,5.84467418058375,1
35,68.02924882941234,63.719135860255484,9.025225390162928,1
8,93.62278156256541,93.23850298900692,8.291320296483981,0
21,93.8339759354163,92.83387152893425,7.167764548342262,1
0,85.03897697736184,35.911531395773466,0.32578382392174476,1
4,82.78622372962491,76.20588799838964,3.7352041824036144,0
8,86.68442296379284,79.79671724714285,6.318896722018543,1
36,68.29934505014035,82.79407899845152,5.22250524356765,1
37,70.22596233753127,61.36860562763321,3.1931832649784386,1
18,77.68523614443527,10.945719828962902,1.4442391550977651,1
7,96.90140636822338,78.55086569016237,5.529965826889216,0
41,86.19999370597813,19.593770484641503,2.85917575862213,1
42,77.54946222481117,20.518424759836165,2.3300048980899635,0
31,88.52065074483573,64.50623223815374,3.9895822705493353,1
12,68.54451561192126,98.51684689227714,7.854914332142686,0
19,86.52333505721853,31.828552593921984,4.878535023663122,1
35,70.53381241413501,68.12297920460868,2.1649221049866996,1
42,63.9830703507493,37.32882811638409,1.1690314228004839,0
43,80.48620237611462,90.88535022494767,4.989872637747999,1
36,84.34387798250923,63.41652029024777,7.943663984222345,1
29,72.96467805897821,28.672959489082377,6.528180236539404,0
9,78.27503656777508,33.59179454008854,2.3214888014324964,1
30,84.70330374279784,48.923265737630885,4.367065856894923,1
24,88.38550257787547,20.983920582683144,8.552303633440687,1
28,94.77857395415381,17.08600314371335,1.7765590785283891,1
23,67.7272103132164,71.20552561731606,5.3208057068289705,1
38,97.57386264262968,46.644855588020825,3.5623150876084155,0
20,81.86399050615438,75.36032126832494,1.2417975482951937,0
40,89.3850941349474,19.905238039385935,0.49903920910898236,1
8,84.98845217407191,64.88789931109861,5.558713846457952,1
41,60.27858626742033,49.89761140327664,0.20748873740378926,0
41,53.57191915044142,15.21987890113257,1.034461166929349,0
1,86.31432320090602,59.03217804483792,3.475642811617412,0
3,75.55263338972883,17.45238472430912,0.4352018535576274,0
7,85.11066842041623,84.49477730119072,4.004452264518848,0
31,73.84214019577298,66.8761718851026,1.30365024176891,0
13,65.6117260208252,60.12707803844035,3.4987309070015393,1
48,64.2508954629784,22.01221040226931,7.9115968709006825,1
12,86.52660654349971,35.87114021536747,6.26364344476658,1
20,63.839004073288734,54.35883074217694,4.454010777875092,1
23,85.73384354627105,66.99551622757193,0.9183330785516042,1
49,69.19800631586892,26.490764686794,6.191496593147331,0
17,88.54492021594012,10.797965032026106,1.6370965250905034,0
44,57.14049628913348,41.0284168542366,0.7658634386161489,0
39,60.24899716021728,53.45843091006192,6.639960174596078,0
25,84.29558028600817,26.599015503712273,9.120598978210076,0
31,78.01155600991314,54.294895526968524,4.605934367705223,0
43,60.19391713107996,40.463727271234184,0.4099591060811403,1
32,95.14135058634108,50.958069949576696,8.80297717418541,1
30,63.797207370632314,41.27119755207346,0.6697376612357409,0
17,71.0535699096817,66.56210648081202,8.675132427015871,1
34,60.1143970936269,13.860730989421452,3.9181937322293106,0
11,69.40138091707571,25.38147609498462,3.653945386230897,1
24,74.5823375055737,48.947578219989964,5.427973794564518,0
44,64.76235272564595,42.0667043996671,9.570848174442188,0
30,88.45468365982417,45.246876035843535,8.987405450859782,1
9,69.69664893231236,82.33846253924318,4.703300883047672,0
46,86.47549999793836,89.76984924226291,6.958232310238185,1
33,60.353608769512164,32.380190514781305,5.804292523434124,1
2,68.85177483965893,85.27519542576749,6.934615790631674,0
45,50.402914444776755,51.2910878761322,8.29327460062097,0
38,87.93187919568558,34.64385573575987,0.3449382886859387,0
7,81.29433221652421,98.69104639042105,3.257598539278975,1
31,90.8911662460228,84.23216122907506,9.593291082338672,1
42,72.78053940513567,99.48279871778824,9.493363085249241,0
28,89.98703218564197,25.137170598542916,0.11220889977462511,0
21,82.37912721354891,22.94584065530728,2.0144012992236626,0
19,50.18064662671193,55.304015764981536,9.937700423443626,0
5,62.6847147544256,67.47793840310985,4.928250758994858,0
42,74.6945676103124,25.395408328001647,5.728660039668526,0
48,80.93436748559856,87.43876012796883,1.6642018552245252,0
28,53.279543233231855,57.881213079702704,8.943356087585295,1
41,85.2539964091896,46.98476498985827,2.312642996491129,1
16,77.176804882363,64.18483056343406,1.8964763001953655,0
30,76.28896534091429,67.14583416750602,2.281224033203282,0
33,64.60227790489576,13.850495288541472,9.196217026410087,1
37,79.74115497452884,99.99034000345443,7.028467071768492,0
36,51.37464448158873,42.752761912402796,7.685963944902751,1
3,53.23501652519943,15.538838221890657,3.7703635818425276,1
1,86.69350436064207,86.70908572979637,9.091770149305614,0
11,66.0945671266982,99.3716811291081,7.894079523393898,1
34,67.34835378122419,83.47226582944812,7.505973625073212,1
5,60.41926016282259,86.66942408738612,9.709402836729517,0
45,72.2810346049966,66.33416027975059,3.6619683079334866,0
7,52.599671570565015,93.00930203988396,6.109736467958812,1
20,65.01816117855569,13.216469655472078,9.099296989772162,0
45,76.35619608888487,79.0051476658781,7.908889431859524,1
34,73.28159607795685,70.36392055006681,5.63378958225615,1
47,99.9834821561517,14.462647347160202,0.7621368478019885,1
14,69.4382326058455,58.95762210788314,6.527234395556732,1
6,69.34995296271545,56.35543111820826,5.265555568678522,1
14,75.179088870723,72.2380802569279,1.8418046148462641,1
44,59.51515551356149,16.977827044825528,8.822531233425973,0
5,93.81522114795789,82.47509067955708,3.4324859489874324,0
46,78.61338944322242,22.54630978103542,3.8747989351729695,0
16,59.60538195997112,47.67981521156854,6.724015487964106,0
3,89.67207956860662,89.31592067514724,4.88798742041241,1
21,51.71660855714266,60.447844494594676,0.8928107627914939,1
31,99.12821002927137,44.16318223792609,3.8744161735523477,1
21,93.25746673856857,14.33820178412531,0.9446611793823312,1
26,78.98197277670099,70.50461654815496,1.907504031233812,1
45,55.564783137853325,98.78920887761056,0.07174438350453838,0
14,60.76363866448357,92.06167588825446,1.8131308148466219,0
43,63.97175851567816,74.55664698160851,3.3044735399836087,0
21,62.05158689518055,19.476357243035054,5.382184337322946,1
27,74.87600052267229,31.549608406035475,9.192772111827322,1
41,97.2280185133574,26.816411750795833,5.403268672420553,0
37,72.20862923839053,41.991547623008074,7.056035413643416,1
8,83.07822840867027,31.196550501238196,3.576770913057742,1
33,84.42916029894116,31.99955013745239,7.516307935672674,0
35,93.57903626272414,65.50569418378652,6.204687460514774,1
8,51.691064378575966,38.68323903652451,4.5979401327486125,0
14,70.21650296737711,70.94465888252257,1.9376879489122578,0
44,89.23675570430497,95.31006932315624,3.0354090799729896,0
19,90.74335074827232,67.46301249519152,6.209460873757551,0
7,96.36663075870055,77.64910094893341,4.26056324364573,1
27,85.13971799090012,77.64223737545541,8.893865567490518,1
18,62.25769730523717,39.76325095593799,2.348402715355853,1
15,75.28328715421891,11.346219513409196,0.7307265225327231,0
10,51.61726439594488,14.954316669479299,5.8934857650548444,1
41,82.34641705491234,35.385422579610264,8.86050840190076,0
7,77.71476057543784,72.05888652918382,3.647390294397886,1
32,83.34181403806465,91.60148247834633,6.477113348681652,1
9,96.50702766937977,96.29184359716716,2.3141262217714864,0
17,84.36383058602158,12.32637974560661,5.584719216726883,1
34,66.02249651873805,99.10785210694941,7.867921008626531,0
42,59.93683319350784,39.02474965210244,8.67031598776684,0
49,92.73181034093274,85.86606054116038,1.0511912985239669,1
2,59.716607163688025,26.226591462710232,3.5637451629324546,1
39,58.0804790297682,15.660843184617327,6.396444419358702,1
26,60.33060403404879,44.05198816564187,0.34722868093652215,1
27,75.44204240652533,87.30328496776237,6.90615200150827,0
45,56.209372157972844,29.874242429003445,5.280338828038271,0
5,96.90591652983511,23.856159317665796,2.8856627922002644,1
46,98.31268536200449,91.88238960551715,8.146544505940504,1
13,98.69009266414994,94.45034823593132,2.9005071229577517,1
6,51.95624024098599,11.129337927001803,9.914150462038034,0
9,97.30987632400158,75.46921636739334,8.163701891133403,1
14,99.87074663087125,37.8286962876394,7.079805013830876,0
30,97.12145546727436,43.72339329704706,0.6134755796264602,1
28,83.5469452881353,52.21926774563409,9.043103719872734,1
41,85.06150762042503,48.411187315706755,7.900553057375509,0
16,56.112646993672385,56.34764064838947,2.2902507929180227,0
28,93.71485385374812,62.412554416601466,3.92248181326889,1
48,52.98197923143857,51.90359543541318,2.6863155161914287,0
43,65.88652733088199,73.14071864405658,9.844160341810666,0
14,99.55758225740935,74.67414965579277,8.541964448055595,1
25,71.11639395514976,49.63232776835756,9.302253026951025,0
11,56.55781119826294,22.82168332783977,7.887742363754299,0
24,98.464733102454,67.65750291881105,4.563482410702475,1
40,99.20698235208681,79.5661041115638,2.0543424981468505,1
4,59.35213426193572,67.42985690835548,2.0808015690973383,0
3,93.24019043700855,62.924928926213404,1.51682848366677,1
43,69.52116630969459,30.64707921111457,5.46649550303397,0
47,69.06842322433573,68.06233367373324,9.199665228636425,0
40,63.13488159484508,40.137059311859076,9.917980700457662,0
30,52.235513727744824,92.76029765319565,2.872998000367648,1
2,63.40044918426118,68.83480834839827,6.973145402967294,0
2,52.6888452666526,35.03617090374724,5.970980156103778,0
25,96.21860231799818,52.56342184275371,4.889361168763111,0
49,83.08603361963642,86.192314829654,6.657686438120414,1
16,94.33113250081958,40.19175560643828,3.7136301898006896,1
9,85.86453407352853,57.2896513137143,9.444847750934496,1
1,56.564343554131966,71.17029759263703,7.05448867706337,0
23,97.02907683676489,77.90764049440675,7.542010919924448,0
10,94.99465268163834,25.650295755827038,2.4242209500607395,1
23,67.40380389505178,60.86370742095602,1.6858200349761943,0
34,55.57666701758382,92.09799104465813,3.94340793094323,0
22,85.20773753944368,97.15238033587245,7.66672485336154,0
31,86.41806513683613,69.05305383034224,9.387959097528576,0
22,94.84145224203536,98.52947237439871,4.273298259740078,1
33,52.632787972554,61.36617240785267,7.74156792497166,1
40,57.08519190136859,49.834452680283995,4.704076194668096,1
18,79.91243964395912,59.64287130534213,2.9522824955546376,0
1,80.95657754350412,20.414115483716987,7.392651507258476,0
1,51.68048311575031,46.1544327716849,7.982021339813272,1
14,69.84660255308292,51.25645477274758,2.0284079408068023,1
20,79.20808656380245,86.37650188488803,3.0516950204533067,1
34,86.8955666575867,78.27837334682025,4.947768434736623,0
4,65.80753458891643,64.12839267023207,1.865218297668767,1
42,74.19517465109207,41.25495113886429,9.288342987537925,0
26,90.70274361560047,26.833112712339137,5.913339125607484,1
23,97.69475319488703,41.29885188231651,1.2120327737169267,0
6,61.51573376949227,71.18236638632186,1.8402986468246207,0
5,62.65211029099481,33.67340191765298,9.543553453248444,1
45,96.99090937169377,48.419802613824935,7.3816858569661825,0
32,69.79555753813418,44.80932113935138,7.3440508450498605,0
48,85.91741622603713,78.90310574119542,0.7249859400505454,1
16,80.61326143649381,89.54083560341299,8.95298837708947,1
45,64.27938398970281,72.94338611298792,4.437353625586046,1
41,82.67811109790125,40.744203483973074,6.597173226399262,0
29,82.77829504784867,48.98593440782985,9.596892191140139,0
7,79.6221592704538,22.90151386483493,1.000123803565569,1
39,54.98304124247564,25.128770298994887,4.822764594865787,1
45,99.75859111870189,24.78633107738635,0.4961273666193178,0
6,70.02082305854137,21.75277218051792,4.9954542332371545,1
5,81.91254926984945,26.162310565821716,2.5225941048757106,1
3,94.28808470563096,28.241938232052185,9.110655292738706,0
0,71.16442442099182,20.066134941786963,3.984924942730869,0
14,88.69625284027742,67.62346496958043,6.338724460520791,1
30,98.5912212339703,99.13613811239796,8.602872648145489,0
24,67.94673801265242,89.12680701870305,9.836918584171766,0
46,70.26347851163683,14.10424514434776,5.03819370328546,1
32,95.27880294982843,48.07529282770523,4.557577028614559,1
34,57.98214339075915,87.3379521309495,0.7573964529645871,1
4,51.429741917972116,22.12073361927968,0.12738943337215036,0
4,95.44445024245559,86.28806319868384,6.088020924984962,1
35,91.07957870587902,63.34305740541094,0.6546435214764601,0
16,98.6291516275666,93.81686973365007,3.8037893703847327,1
13,52.91188913553391,88.84352028379827,0.03606436106461497,0
28,57.808866522049364,70.93308898528457,6.152274989656707,0
7,55.26562795449044,69.2040393885426,4.254151604404962,1
33,84.17080661468546,29.184778215271734,1.2702076978628785,0
39,80.30050368735716,20.50776704422077,2.963676068408221,1
0,67.96675996936298,47.38540869719185,5.696606989719245,1
28,52.87117397011225,26.792203554381228,6.56713368009977,0
35,81.98309920232705,19.217504590998306,4.623358796634468,0
36,78.50602425575283,37.20940599456041,8.039591160909458,0
28,55.645160553030784,87.44409485169837,1.1244041170298569,1
4,95.44548522368571,11.54333386165251,0.8454572261240778,1
31,59.94748548359953,36.33739135499581,0.44244269017808313,1
23,87.17545760719281,48.164696669304305,5.358278394494422,1
18,94.25379312714742,55.95127746537579,7.06231704234458,1
11,78.97374953468542,26.341975754469033,1.3052139942252972,1
0,62.34244526491257,96.7798179854228,6.389456218553925,0
6,65.46242588125708,62.09857392149706,4.769477661895348,1
16,94.28737668594161,56.98994923513396,9.873445001511152,1
33,64.91285781882424,10.794033003730704,7.174736092664115,1
42,87.30952416586521,53.714384145640636,6.574733351916259,1
6,99.50826061277027,85.39035665096657,5.704497348723445,0
16,99.9908359681339,29.768008874611844,9.973661815497039,0
2,76.67398741346656,41.60868115477717,9.804591708545773,0
28,91.3277898393049,11.8514318218926,5.381151254945216,1
21,99.51249339605997,97.92347628104157,4.551833473342617,1
37,68.7336444920991,15.998661741523673,4.621149227017524,1
42,62.62047925351529,90.83990115186126,4.283423903233656,0
28,55.71166779210916,38.16889427624092,5.313983069963221,1
49,57.04498190365631,62.88007617872907,2.7358426781437073,1
49,92.67781818103316,71.1383985969403,9.267887831144266,0
41,79.4361545153537,22.674625068800307,4.902300814619353,0
4,93.68545876962429,49.938344000230195,8.420078118386092,1
29,89.47275445160842,39.29194902219781,4.7530367466762,0
22,83.68723150240089,15.09422190449188,7.182902739102429,1
20,80.46560959534304,84.98742889538626,3.3688196447658,1
25,52.41694520890465,14.065098084772995,6.248068577332605,0
46,93.61375980015961,68.79321635354802,4.983714454509194,1
20,70.89210308398572,38.26696387778623,3.6711425653360985,0
19,77.9893428535696,27.291639448167995,8.81556261068001,0
22,51.09767509385104,70.03774462019908,1.1271168274890897,1
3,96.80367509313936,61.708394307358525,4.869231483191103,0
20,95.13702305460006,38.373063163734685,1.9436907326613673,1
20,77.16390149590528,56.166467343331526,8.610550912175915,1
0,78.86558165841787,32.16133910855885,2.5346934471566342,0
14,85.25086062017444,87.7326813102423,6.334303401118216,0
16,63.2347448218075,38.24369022944454,1.6556351508535405,0
13,61.09578113566513,32.06377265963783,4.049136694708366,1
18,83.70114733008164,77.6650339953686,8.993571956493643,1
49,55.22112230794541,11.58332391945234,1.6606444440194046,1
33,72.70310023616904,34.12105588774678,6.631958253483397,1
5,74.6380211999545,43.785569858605584,2.045103705559548,1
44,69.0668488457584,89.40141656122437,4.157490525321659,1
48,59.263408784886735,95.53976222935098,5.406168843745993,1
5,67.76581321626773,74.48301702225548,5.773064181897478,0
4,66.8778626780225,54.32786029086938,6.025113375531554,1
6,74.96328373243752,67.65593941519198,6.401314153909222,1
32,83.73404207892597,47.260094651319974,2.7176869767379754,0
12,98.41175617630853,36.8943248663801,4.013674857171591,1
0,57.20816300871641,95.56192613256657,0.37318663575064415,1
12,93.6508554970541,20.38512061089314,7.687569765313751,0
42,64.20890001951312,41.17542112450981,8.370995017889024,1
26,79.56863850007028,90.91800639645338,1.9923676348554553,0
6,77.3368473991934,75.08272875286752,2.014439646296818,1
2,77.84742093141315,12.619130619067892,0.4203640219042071,1
24,86.16793058594064,12.078970608182242,9.703838227924875,0
32,69.0844152874498,56.48612163621171,8.07186568117229,0
39,65.95499816184278,53.58277506070195,3.6070320290603206,1
16,92.64172865927387,49.86923847906864,4.8190827146982524,1
44,61.004752013713514,37.2109385655108,2.919669606508686,0
13,59.012301865557156,98.79748478322752,5.972439683220844,1
36,50.780371832763045,34.478859068504335,7.173084123335083,0
22,60.52888910145934,54.10361857965057,4.47368477991872,0
23,75.92657166583541,46.44037871407597,8.735941932916235,0
28,76.92544365070567,25.32244833655679,5.1702586221881,1
37,62.721024559776716,28.235693721275073,1.4425326907781078,1
26,53.61370850205999,92.64724678087956,6.222913758376416,1
37,87.2320398172603,87.24517505703596,4.6223096590780255,0
39,87.89876742811498,27.913987523831715,9.356718630817259,1
44,99.89181981457807,88.80963615185622,3.9189392093591344,0
49,95.00147852673588,28.82675170727583,4.02865739150104,0
22,96.30310322588213,66.38916895729274,6.507733897816102,1
30,89.9101912871971,17.315247098862443,5.26986218326428,1
35,80.77514266912496,89.23326636332064,3.7444987753843484,0
16,56.427297880225524,14.635026951892026,9.897744156800895,1
36,81.11566487279389,59.9448600326023,3.0218550999941685,0
2,52.79779302073133,80.17403726623465,2.7752879198502853,1
35,94.26495556355962,20.515126276961308,8.644276285221034,0
4,74.09106677070987,46.403224075016965,0.03372943550555507,1
45,84.87364159879002,13.77551363410451,2.012531609049076,0
14,52.6121831847982,71.44773196059633,5.9044668826197615,1
48,76.71242114614127,37.670463546521674,1.6245052784466485,0
5,65.06316989266813,60.3455720174623,9.858039227235881,0
9,64.24841328686229,93.94590433783254,4.64195622421631,0
31,69.48279573515913,37.52722971953581,5.973640749605509,0
22,50.031973043026746,14.376472447174994,1.6037346510519312,0
47,73.33304408600867,70.80649909288303,2.8937810087192783,0
16,74.32833418039692,80.81570210627507,6.146247826794156,1
45,93.1565457919532,96.20817038898184,5.495533732863977,0
19,72.42628039412412,24.202078932309924,7.843639454411661,0
43,68.17781469338364,45.292593260453486,2.6923317857431615,1
40,99.73735256812316,85.97264140229274,6.53542146706534,1
14,78.56066623012481,82.61842539419915,2.9097550574886544,0
43,73.63066043170697,66.23161366004763,5.867526197461204,1
45,74.79679172741896,34.24316906824245,6.050309676852086,1
21,90.45906487544025,35.56317615856999,1.2183911135448877,0
49,67.03381844850804,21.16026951617283,5.486331106862661,0
5,69.45802313429728,92.96683064073187,0.11938299954182496,1
3,87.79366796687327,25.56383631755008,5.0121075137469155,1
22,53.64918698068848,61.559794106191575,6.97521888608075,1
43,93.25845790716293,62.59162752839016,0.7283272898998872,1
44,71.51013482339849,43.26448970757419,9.387108164170272,1
18,79.06464877528242,41.72666149049096,4.587555319894543,1
44,87.87380796299175,70.17295767024517,9.38416275624062,0
30,63.30259612196724,44.94680001536851,1.073984236911325,1
43,94.51571041603256,32.960385400420066,9.499025944195347,0
2,98.96124861283053,45.92185321600278,1.0919709942534672,0
27,74.71371807030623,82.68958698989914,4.61495798451336,1
2,96.84686825163367,96.9830609618067,9.379920667268657,0
13,50.05643112634914,67.23552074084603,2.327082003888715,1
17,94.71189148177642,80.38911029356957,0.3478498085873405,0
26,65.55226598756528,57.95423751813492,7.931106750282209,1
9,65.5747712363801,66.23408278840941,5.9588363766900985,0
48,61.40444323849697,98.92779910629038,5.139211929014406,1
14,65.8506950575451,49.45769782317203,0.34343384353218376,0
18,60.674229184931754,15.962922725877995,6.532312688068451,1
8,95.29345531549859,96.13062260374191,1.716233518845648,0
3,94.95118636066832,81.37555488131929,9.311966802046953,0
14,55.11056574603113,45.84793310772142,6.8572695107568205,0
47,57.142921443324624,98.41555482604919,7.070338880338365,1
7,93.10093195053332,41.09821753137635,2.3258027261128045,1
48,69.9468885436373,43.49081764072258,8.807538380567184,1
0,58.463583866963916,64.87582178709286,5.377325707832011,1
6,75.53347012182836,34.691264753982104,8.570841778142306,1
30,70.83340249600475,72.87143366176595,2.70947474832276,0
17,60.958077686898264,23.756527355545533,7.554617130982461,1
11,86.03761091388172,19.72227874223382,5.745669036600475,1
47,81.56446561663654,58.139020680774,0.48419305810581625,0
29,54.98308067777203,59.9944314154961,4.053423237732869,1
32,96.26933571626712,19.598956266672154,1.8391046512346487,1
46,77.92349828650346,96.7758635018036,3.591735878787561,1
6,62.510224353177094,61.595799184637535,3.8335163426522243,1
27,60.31459075361818,23.59314932472335,4.749283530283847,1
48,56.797399068610076,38.02982718990691,6.002904427284631,1
2,71.23187031951754,82.02107925398464,5.709776524981992,0
42,56.77705065454184,57.09083750789787,0.3899140470499507,1
5,70.79082062976131,26.933351369190003,7.506892184887218,1
30,57.438521411705885,19.256407485562427,9.491838844727683,1
37,82.84037607619447,48.76969710137363,3.4868128898496664,0
14,89.26210108431792,40.36732378177908,1.7974690133825855,0
6,77.47613737613793,69.03256172337761,5.4000156311538525,0
42,84.00284374274486,93.27222882560488,7.049129282441441,0
29,96.91893685420305,32.295725719674294,6.789048945276632,1
26,81.91857647853038,86.97105399545606,6.121095775008582,0
16,68.20790990919413,92.84157806006804,1.4623225212820856,1
17,72.47400793374578,91.18023395229113,8.368248944029983,1
21,93.02626130360184,95.68695969508919,4.256215624188153,1
25,56.53601594750482,85.78977599163477,2.2146858303187003,0
26,66.28685112252163,63.413740485700316,0.8626614106309649,1
39,78.8640034485242,46.88614888392177,4.16719114973049,0
23,83.81947847042173,54.251900743039414,6.179730468473074,1
7,88.17495377158527,88.53509573898268,6.653777091515077,0
20,65.91033979980436,37.12585396754642,9.627369113972566,0
28,57.292956700457516,24.333552490698494,1.5314808366375743,1
42,97.741960483828,22.673729632041564,9.85773665197552,1
20,53.819610856601976,84.42951489145004,6.546758805722279,1
2,54.79026778934427,78.5337117697088,4.542290577072015,0
30,74.74712709509845,54.78808069417074,8.881942258481594,0
26,90.96355140717992,34.73842852829378,6.944797419533928,0
45,88.72520531776634,70.98518579883502,3.4871721485701523,1
26,96.88496330970459,13.458978768922282,8.840856965764615,0
8,57.08012878064942,61.140503409999525,6.666154568195348,1
32,68.7863628531218,45.858265186551726,6.988373557942195,0
32,64.1071064360855,98.00736704307717,8.963898880860262,0
25,93.0435061777336,55.68042241994734,4.484162079690552,0
27,74.41773101406002,59.7040977205241,6.5690410595975655,1
43,51.34239672078332,74.11263970985372,7.446890216377804,1
42,85.39822034191982,53.6084633013082,4.539400581307815,1
30,69.43490489133012,30.211175734907627,0.8345211573779343,0
0,76.55733816855061,58.355006189360324,7.714397690943607,0
19,94.6893713504999,94.98419838016484,0.47816352743361823,0
11,62.836888731640585,46.891988935162466,7.179144017227382,0
16,62.01323378060886,71.16768594997058,9.10875208524553,1
14,63.15962520900447,98.02307699971165,3.469689983700185,0
33,66.90539956298514,84.69300816851414,1.0206178513782682,0
49,55.36769873230498,69.31307197749913,2.328639897908411,1
15,84.86098304042947,76.2396839497463,5.622815641253924,1
3,60.36993589145683,94.28349232153676,9.426597431060863,1
7,96.30728736352928,96.3776893960321,5.122827298861168,0
33,60.78431569549353,97.20713172897962,1.1273728819669626,1
45,62.78210146543876,66.30774653822698,6.27783173716338,0
24,64.85101144054082,44.62404848787129,7.328449367879414,1
14,88.42690485057079,21.983781606066994,3.9328366999279094,0
27,71.38032437210148,44.69932012063626,7.215140643454145,0
8,90.96673120153093,94.86599092620571,3.2482281513918974,0
1,89.24268561778942,90.08173725331507,7.890901515964134,0
16,96.47452113837332,57.12936958565908,3.41072159570069,0
9,87.83020775520274,58.33065579345316,2.5610709160062592,0
8,52.59555848345314,37.80283146354726,8.791814058915751,1
30,91.86406368495292,50.90571010634333,5.484734211753962,0
1,96.90362983527055,74.30036445454556,2.8515628874168475,0
23,99.68445962748345,46.21876530830127,9.350868896470674,0
18,56.263379706623255,26.918548486843047,6.908511754660492,0
16,80.66366346632672,58.677362094257,2.207003996555672,1
42,59.97293329420797,30.28032203088952,6.1464235459278065,0
48,63.12548204562995,97.68588004113401,8.703588312890245,0
9,87.2792169111429,45.13059226107587,6.961531425400574,1
49,98.88338588495301,91.86984744482045,2.447591507601304,0
27,79.74277507315114,30.299859694326187,6.488483286945148,1
37,92.52922349111236,27.02881047751988,6.191593727202008,0
47,50.44419019144139,65.52110161357636,8.208436635786887,0
27,51.83158199248096,80.14411704729886,1.781325969966998,1
49,79.83621686629317,61.00881074671381,6.996346670013599,1
49,69.44915508002195,30.681611524473343,0.27370692133702024,1
0,94.48789074865769,13.410492659559646,6.961753006357676,0
2,65.09909565428669,65.64599390719047,9.60437303938557,1
14,71.60255137520238,21.793350282899347,1.7438826624961745,1
9,76.39545989157841,40.885874832909806,3.1129977281900887,0
20,63.65194164431237,70.82062783041084,5.828715720285512,0
36,95.42474337266472,18.82210965246387,7.323950458572557,0
14,73.22667923290486,21.45263318055602,3.4437139040453433,1
22,71.20778045595085,15.549958657666371,6.642589771401376,0
13,92.48765244671662,99.64712160161439,8.99278792536333,1
14,65.59892008239493,44.83690917414231,7.2655878722426195,1
9,90.87326722554805,91.52156509611711,7.110227176022441,1
8,56.113642636067475,36.422707458185386,3.819706584166159,1
43,59.13942666824498,77.78823086264462,9.11429308838201,0
38,97.54208330858674,29.7159954681141,2.773229419610778,0
4,92.12237454038541,54.84922386834253,2.0528035661970065,1
24,69.39494507282032,84.21541653662017,3.6422393372650386,1
41,81.92282243585147,83.47009590055744,6.50156220738494,0
25,97.14850947154778,81.48526456264071,8.616779861945068,0
7,60.59294514320421,84.13609717346976,1.3207878234731707,1
21,52.95052351115003,29.032505317529132,8.13802177260163,1
24,76.87340322526526,53.399464530434784,8.128233946689951,1
47,57.129843933179664,53.63843271374428,5.869193565900861,1
11,59.365954635568755,90.14522386131212,7.606479395780257,1
8,94.57695948657897,36.72026464594859,1.8188069815158736,0
9,50.370172932244564,93.83463040501434,1.695860008207134,1
47,90.84100132319342,50.57161626754891,8.62800034128727,0
9,75.84753881678037,70.28083028596768,4.981484372345669,1
8,77.96471938226502,34.1994801051401,2.459372142528491,0
25,83.58839802281813,46.926829614817656,6.887303576063237,1
34,71.57224961540052,73.88208388622263,8.91875166934221,0
26,55.78059440962074,56.14724276659084,6.323226459442498,0
30,55.14101119024119,93.76372105195004,3.473450429400172,1
18,87.71810995919714,76.34124693077297,4.832377652930146,1
42,61.05175716336424,60.79626329595399,7.522694609453396,0
37,51.40508418088221,89.80027809869874,0.6750122887238752,0
5,98.98069445494706,69.900074990987,2.171645159564423,0
14,99.01957596803467,68.25884260783891,4.625831866494472,1
28,68.907066867189,32.17341998328645,6.0424096409709875,0
46,51.27619222785566,45.53712689753898,3.3916559104232444,1
44,86.36323292963749,71.49732873436193,2.983909218698807,1
4,91.55060302428346,90.2612540334842,0.41384195699721293,1
13,56.25068450579049,38.39927262804237,0.3260177205144754,1
1,56.772930745461814,29.393705974868624,2.786948543028256,1
22,91.11119998483953,63.43263809342702,5.30506100089543,1
43,96.09536943576174,16.04773882924418,5.563714964454115,0
45,89.53774183370749,74.30875313050046,4.940274928668689,0
18,60.03724745847648,73.28246889587328,4.098806840028343,1
23,70.57606097171104,41.94694278875396,2.5229158926132076,0
19,80.04212129329571,90.34098880104115,4.0069443159278215,0
46,58.01467369104144,55.196302738521474,1.387599653855135,1
26,60.53012463162541,68.11884556236431,1.152592290260368,0
23,64.14430360342774,28.862063374450404,2.999432568137914,1
16,75.47566351454182,47.5606301644,9.953487964272195,1
24,75.54024435887737,87.61757862427913,3.2649694751639844,1
45,90.71472596737763,29.16455928691085,9.364563903551051,1
30,87.65051003438128,45.1516939833222,3.9226214576769403,0
27,95.6867837554971,38.6268889985317,4.390099911996094,0
49,91.64508614122983,23.599916637830212,7.970628832022295,1
27,62.693877415282735,36.0746126314782,0.936383274474567,0
21,66.5648384652,30.949505521769506,1.823133235936395,1
4,75.02116218162669,93.12342674151947,9.738402649752146,1
43,50.713556728182226,76.69709240885163,5.059173399606946,0
41,95.19510031418608,38.44914236045419,0.44309682208630297,0
7,52.21721062811696,78.70051479184389,0.47380733056050506,1
37,66.12206354083182,11.992595773048425,9.072406837773928,0
27,78.45873955982033,57.3872239694026,8.733650895587177,1
46,75.8920694303433,32.53011073612058,4.583991069451001,1
11,82.72299464129374,20.288986462766275,1.6322208594459875,0
24,76.37600876471045,89.53826755046397,8.302846063624797,1
37,61.45007128515172,27.940648083631533,3.246001072796505,0
43,60.053909389693594,84.0151983651654,4.190583986630953,1
14,95.36235345377493,47.19004097425941,6.82476379049318,1
43,63.19833683677963,11.28616930366303,3.533983534076545,1
40,64.04886169397567,75.92795463709227,6.2866992669829305,1
33,70.64764480501722,63.67237823974311,8.852827104425844,1
44,56.9719163574987,40.975469485103744,7.973732687744775,0
12,75.36364222116202,35.33913405336371,3.816110738671604,1
7,83.25158808510656,16.632212713339126,2.879365547037348,0
12,89.30002460386834,94.7283035351745,2.85510448739559,0
35,85.57271209321146,54.45863962228771,3.4859115037658306,0
5,57.38179820401319,17.69720658184972,4.935169867247723,1
37,72.80335724854619,88.18117459700234,4.165974806939431,0
31,51.92931004040892,35.09498555360351,1.3300402098765784,0
20,50.88989983604746,28.324244416118933,1.634558583339083,0
43,72.00652091369003,35.28436945079969,3.4292960939818338,1
43,62.64802472288145,60.81143127464002,5.620641000588574,1
48,84.16803974366815,16.665083604733283,5.926639501334947,1
6,86.21203934067063,53.35812182104088,4.8620706489663,1
25,94.77018622791277,90.61691006118814,7.387758812075146,0
14,88.03412567695193,26.935443626151148,7.372487887567366,1
48,52.41220615682708,39.80698949370195,4.2762747168738855,0
41,68.58115051788839,45.650976854648746,1.2444081076094426,1
22,63.6511675876061,62.75986403745207,5.301747697671232,0
37,69.30662249135807,92.73288218736803,3.814690639938326,1
40,58.00378294843508,45.508528741818296,1.3792298976370332,1
14,54.885205184529674,16.223755660998727,9.818172099648393,1
47,76.04922712542003,41.31557752878932,3.697553892801022,1
39,86.01906554331973,27.107687133986033,6.257978396212309,0
15,85.09554509659714,68.6597030937193,4.901288613365966,1
31,72.54721610881136,12.633589825059897,1.428282792167661,1
36,76.1139493144473,36.27369739657661,0.5554362337257057,1
17,75.81643612543206,59.06561565093579,6.25769415081959,0
19,84.57851888840281,34.96007854445989,2.4702187034788556,1
45,52.3962587978012,59.58957550107287,2.4365399961371503,1
1,85.4948054435612,20.324108996846487,9.569761897103106,0
22,79.11004503786438,94.85249391906602,4.6177330431129135,0
29,59.90543573357871,36.181612659689804,0.2942606650068924,0
2,52.452942687313225,93.07007554508951,3.398427151498068,1
45,55.42638952789442,39.325189555373086,5.844915422522266,0
38,76.23456707096348,80.3656172055689,3.285674185171208,1
46,87.92042650456415,32.15686217151277,0.2685195403414231,0
48,66.73286435622506,70.2792012150641,4.443112654667354,1
0,68.95619553526109,39.13445924404904,1.0590633617477785,0
40,96.70732075230562,55.82432162886929,6.1916002466270434,0
21,60.6506542016288,70.64327311873126,6.19587100222688,0
28,55.18747122876758,62.99942546826645,0.37759139598400715,1
13,67.1705056900009,61.865253395532484,2.9066626159937723,0
47,87.29610597461368,15.911275209185556,4.136862637390038,1
27,81.3038645528066,32.41691489544326,5.50264097859178,0
20,70.78977196847846,61.46553608708875,2.960634297081951,0
44,98.23762664159153,11.648548649415254,2.8774651255139814,0
31,86.74982191472867,32.55798296043817,9.830151562502593,1
5,53.09307121916469,30.626671548807707,0.41862795720899904,1
0,87.23157219270242,32.487049914475094,9.890454140911519,1
20,51.20192779529292,58.20485496099884,0.4775194107839653,0
3,82.51616615587028,62.37643186172732,2.8834142779468586,1
2,60.52414181463294,91.80981949355301,4.9369085496935,1
48,84.82211045187788,44.74279441235973,1.432983430143252,0
29,65.4889783323898,93.39210254288133,1.3484636251872384,0
30,93.65031539777824,68.67589104857532,2.5631271326094582,1
33,66.84569182957303,92.13943563105002,9.735071835735695,1
18,80.98479277021485,85.01248915120435,3.8011685887456412,0
19,64.29637798269941,71.88241990669187,5.659948382691918,1
22,95.86107725710892,42.04953095670635,7.042914023816463,0
39,89.04979905140863,31.699940291669666,7.422218355242104,0
24,62.16514381723016,30.0152291960829,6.880409663453548,1
14,97.43983562793298,95.69564537106531,3.3692819319172482,1
37,67.85787947881141,96.27164588164223,1.1172782735606246,0
22,82.59324738335937,75.2348236171878,2.8171647533321087,1
1,87.14266155571983,89.54163856688295,2.1029522676950663,0
14,51.145108073245616,92.70965467711545,1.3627730486931677,1
43,97.94836730786231,56.040057686738095,0.24496731751618706,0
34,67.22206530436824,66.6153721562655,9.357258490584142,1
9,59.488944671561214,47.68790481281931,9.210343865453382,1
13,92.53538958642491,47.66416878567368,0.5041700563016926,0
26,85.14496414117072,13.458602678015316,1.730845728204018,1
13,54.33716363116763,49.043931443632495,1.3950047146279365,0
34,55.852229068838476,70.6140830361865,2.8122293442151736,1
32,85.75959353268246,47.978394949591404,2.040688704787411,1
0,53.7391627979542,88.51687091892609,9.45853537397855,1
33,95.85877175620325,39.93066571663164,0.8417043656020384,1
18,87.07700684738165,21.941384190476455,2.1167082700450326,0
23,66.77461029834944,83.04028216561535,0.8072330458291443,0
41,68.14693896126691,70.65531264957329,9.803853486444364,1
3,75.32480481020507,31.763753408852363,9.18413509097005,0
35,68.04847068242701,58.28061304380097,7.16631589765411,0
12,89.1734275719158,46.16671047344132,4.259730322199133,1
31,98.73684720508078,94.4973798792092,1.9017813552399254,0
8,79.22607577190965,64.6598881828566,2.214897250201424,0
38,72.30186638337645,24.255033506829243,4.430400085560114,1
15,61.13870701341086,55.19336073732866,7.682226713364816,1
49,82.67167096239001,87.63011492714656,2.6472949599895887,1
2,84.27884309076985,70.43470030292154,3.1079191253464664,1
19,84.2595303507182,85.82068684887906,5.999442914044706,0
9,51.349251793424614,32.53593824790762,2.3772936227825356,1
21,94.95610503302355,89.95162393427877,5.842186212928036,0
47,66.90532817145883,78.00501986417548,3.8713089327228456,0
2,87.20828812408045,75.60223798942708,0.34368205901348037,1
10,87.99034535501599,41.188696278717195,4.027012862319639,0
24,82.52774894061199,89.88922573844754,9.195252795191449,0
41,69.74332615721461,67.41814396538949,2.931118791334606,0
47,80.41921084082628,86.66555291765222,3.2283238943646895,1
7,52.009934562893825,42.48743103876446,0.6594088805928688,0
8,88.09478960939532,23.108688195792084,6.150474485692943,1
14,54.97943241641695,39.91034621982901,8.49242364298339,1
31,69.83754628998008,50.97379126376643,3.5292289309310165,0
2,55.18093938324833,58.006663763094316,2.4024555751998844,0
3,91.85372229095472,55.97282941403837,9.566118541638586,1
29,77.51511967179796,59.144913319290794,7.450726145914884,1
12,84.54775600846362,85.75351887006528,5.671635592832645,1
43,84.12910849213065,25.309112156935292,3.055311663448841,1
20,92.08031158292522,38.44461656519837,2.2079801797640086,1
40,56.62847016725674,89.97476413919063,7.157440390004672,0
45,82.9864070202442,60.441238410249724,5.217888171373442,1
18,78.75670272018287,62.50508833326149,5.205998168029811,0
38,51.54485612856577,53.0256290152557,0.737098186722438,1
47,60.07114544114013,59.40771714875252,5.12194476759606,0
21,63.37857706891104,27.827175750409108,8.227440310394936,1
19,53.62781877145831,59.218020947631544,9.46799277795759,0
36,67.73599029494008,99.74558151200051,1.0668239748173514,0
30,51.36012543577378,60.94428156317659,6.311652106990708,1
9,77.65917461288647,13.99622190454273,5.683472507982469,0
17,60.575048028989364,81.67920799155938,8.903124909481418,1
42,64.35015527545993,45.68278858510488,7.512440301848715,1
38,95.5235813085642,23.83085336514057,9.652618691653132,0
45,75.14084245617627,87.62678256040222,9.600325375819963,0
19,63.45069656222079,27.817592998147084,2.256850933452208,1
17,79.9230879124033,92.869065087268,7.253508719004222,1
10,60.08357174337478,49.76168413983449,5.305230913648944,1
21,53.71978428820924,76.851175127473,2.146019952153054,0
43,51.045317720013436,59.229626530466845,1.9486908221740074,0
17,97.57645226881282,33.09641235237051,0.810843412662865,1
33,86.23054120715582,70.39811570463269,7.95545276418689,0
22,89.99740741461912,96.21212958011331,3.2450478062000956,0
0,99.0458864089416,79.26732701122712,8.569688353289665,0
9,96.58143517067197,64.36161969176604,6.083153660232146,1
0,86.84565993187579,99.1565297439271,6.736333548384607,1
37,84.69935349096596,33.879400060841625,2.9167374961019665,0
38,66.84249984676883,15.610733911850264,4.572942793956836,0
48,55.200862589755104,12.891777950433797,4.123175780831248,1
8,78.6861274183788,73.96190916029184,2.356886639246012,0
30,78.81266475442962,84.72091282607535,8.325121685267925,1
6,97.61186427078721,67.15904837360739,6.220845058066211,1
16,72.12854033308547,91.45239376988785,0.3743197745307014,1
34,84.54038121530343,72.81784426059284,8.199170193786884,1
47,78.74853136983609,43.38591817681185,1.0603775602859145,1
36,58.83801145505247,26.313246246689346,4.036964335325592,1
17,79.60321538774583,93.21827307032407,5.712569016303779,1
32,77.005835468141,19.323743499773155,0.07651245661217998,0
3,74.69529969546778,58.86895633717649,6.529081054429361,1
22,75.67114668242374,38.260713274616045,6.59702939560257,0
10,58.19939859794353,34.42735067677053,6.5252631713264675,0
8,73.1738865615334,68.12513667252068,1.6346793810627713,0
29,80.28266359107984,30.81132436519326,2.557323267735494,1
7,74.47245993427697,92.47285960681562,2.4737581953274024,0
39,74.43430975630736,46.54395181892117,9.60066983179637,1
4,53.87588548964929,70.9637812056711,0.6752818722587728,1
11,59.538707600835984,75.49801455957261,4.287615077035039,0
0,66.04863463877504,71.46475251627973,8.71253905820194,0
14,70.96734969629533,91.30602168037211,7.69465994447716,0
24,79.69687219293021,30.80177772453983,8.224421246489268,0
17,93.16725522615303,17.74490902174911,9.72293584122333,1
37,57.958236904432695,14.991912753854441,3.8726181227318888,0
41,50.75440151053475,89.00597354275223,3.0965527438046117,0
45,72.46185653879579,97.59583449452639,0.3065949015019731,0
25,71.6051448705814,37.227388708424144,1.5001936178986208,0
39,77.59506092475863,72.41625312174723,5.6201465454302415,0
2,91.66108856857502,10.8021505754574,1.5766059505334007,1
21,90.1180275491239,26.9768359104389,7.363050159809107,1
25,55.002164221500564,72.0346944215453,0.37232604915937495,1
18,96.69976833383369,15.929842538370954,2.594880232378819,0
43,55.52071973372223,52.1659044927842,6.954531233884886,0
43,81.7285254267118,69.6324937936554,2.555028242390638,1
46,83.62031467977879,78.93623541749656,7.2876046422446406,1
38,83.99387436115441,50.84343223519334,9.95863875430702,1
35,63.26755858376954,66.72556355467087,7.970839554491036,1
20,66.5172545882496,58.56180666058552,3.4183545876100254,0
40,77.43384375746984,14.7075194874989,9.005919006282612,0
47,59.97937479000492,76.85242185338619,0.5117973566820944,0
25,51.015523391667564,25.512572429683747,7.2500682444731215,1
12,78.10722272542878,12.86249781104572,0.23322331562675047,1
35,73.26392860060037,50.6051124659535,1.7455549535696502,1
23,82.8365603111731,87.90738285533592,9.875857415385745,0
40,57.335028791682994,23.574649389492578,3.60884912494307,0
25,92.04624472949257,11.157178070527749,8.204993781642388,1
20,57.31107442302636,19.898131218887542,3.76086712835602,0
17,94.56718024400118,42.7293202898446,8.400284507978157,1
14,72.47605862978514,62.21546829921734,9.654395601267742,1
14,77.49026296863474,27.37109205873033,4.355362434191665,1
5,94.82906679819943,82.17676045203136,5.593491918482794,0
42,64.99565242385336,77.79674084941738,6.2863948996356775,1
30,59.09134981205757,72.62772549388293,9.348348021752354,1
27,72.28758104097268,53.87228274839896,2.567440874345579,0
